t_s,x,y,x_left,y_left,x_right,y_right
0.04,-0.3276499999999902,1.31073,3.0000000009522e-05,1.31073,-0.65532999999999,1.31073
0.06,-0.32763999999999416,1.638415,5.000000000166e-05,1.9661,-0.65532999999999,1.31073
0.08,-0.982994999999995,2.29379,-0.65530999999999,1.96611,-1.31068,2.62147
0.1,-1.310669999999995,2.621475,-0.65530999999999,2.62147,-1.96603,2.62148
0.12,-2.29243,1.966125,-1.96602,1.96613,-2.61884,1.96612
0.14,-2.2937,1.96613,-1.96602,1.96613,-2.62138,1.96613
0.16,-2.62138,2.29381,-1.96601,1.96613,-3.27675,2.62149
0.18,-2.293695,1.96613,-1.96601,1.96613,-2.62138,1.96613
0.2,-2.29369,1.63845,-1.966,1.96613,-2.62138,1.31077
0.22,-1.310665,1.63846,-1.31066,1.96614,-1.31067,1.31078
0.24,-0.32763000000000075,1.31078,-0.6553,1.31078,3.9999999998486e-05,1.31078
0.26,0.32771499999999765,1.31078,0.6554,1.31078,2.9999999995312e-05,1.31078
0.28,0.983070000000005,1.31078,1.31076,1.31078,0.65538000000001,1.31078
0.3,0.655395,1.638465,0.6554,1.96615,0.65539,1.31078
0.32,3.500000000500325e-05,1.31078,0.6554,1.31078,-0.65532999999999,1.31078
0.34,3.50000000040045e-05,0.983105,4.0000000012697e-05,1.31078,2.9999999995312e-05,0.65543
0.62,-1.31057,-0.6553,-1.31057,-0.6553,-1.31057,-0.6553
0.64,-4.259685,-0.982965,-1.31055,-0.6553,-7.20882,-1.31063
0.66,-10.15793,-1.96598,-10.48561,-1.96597,-9.83025,-1.96599
0.68,-9.502565,-1.31063,-9.17488,-1.31063,-9.83025,-1.31063
0.7,-10.157910000000001,-1.31062,-9.83023,-1.31062,-10.48559,-1.31062
0.72,-10.48558,-1.6383,-10.48558,-1.31062,-10.48558,-1.96598
0.74,-10.48557,-1.63829,-10.48556,-1.31061,-10.48558,-1.96597
0.76,-9.830214999999999,-2.29364,-9.83021,-1.96596,-9.83022,-2.62132
0.78,-9.50254,-2.949,-9.17486,-2.62132,-9.83022,-3.27668
0.8,-9.502535,-2.9489900000000002,-9.17485,-2.62131,-9.83022,-3.27667
0.82,-9.83021,-2.62131,-9.17485,-2.62131,-10.48557,-2.62131
0.84,-10.485565000000001,-1.96594,-9.8302,-1.96594,-11.14093,-1.96594
0.86,-10.813234999999999,-1.965945,-10.48555,-1.96594,-11.14092,-1.96595
0.88,-10.48554,-0.9829,-11.1409,-1.31057,-9.83018,-0.65523
0.9,-2.6211349999999998,-0.3275649999999988,-2.62114,0.0001200000000025,-2.62113,-0.65525
0.92,-2.6211349999999998,0.983155,-2.62112,0.65548,-2.62115,1.31083
0.94,-2.2934650000000003,1.31083,-1.96578,1.31083,-2.62115,1.31083
0.96,-2.293455,1.9662,-1.96577,1.9662,-2.62114,1.9662
0.98,-2.94881,2.62157,-2.62112,3.27693,-3.2765,1.96621
1.0,-2.948805,1.96621,-2.62112,1.96621,-3.27649,1.96621
1.02,-3.276485,1.966205,-2.62112,1.96621,-3.93185,1.9662
1.04,-3.604155,2.62157,-3.27647,2.62157,-3.93184,2.62157
1.06,-3.60415,2.621575,-3.27647,2.62158,-3.93183,2.62157
1.08,-4.259505,3.27693,-3.93182,3.27693,-4.58719,3.27693
1.1,-4.2595,3.9323,-3.93182,3.9323,-4.58718,3.9323
1.12,-4.587165000000001,4.58766,-4.58716,4.58766,-4.58717,4.58766
1.14,-4.259485,5.57071,-3.9318,5.24303,-4.58717,5.89839
1.16,-4.914835,6.22607,-4.58715,5.89839,-5.24252,6.55375
1.18,-4.58715,6.88143,-4.58715,6.55375,-4.58715,7.20911
1.2,-4.914825,7.86447,-4.58714,7.86447,-5.24251,7.86447
1.22,0.9834700000000003,10.81358,-3.27641,9.83055,5.24335,11.79661
1.24,8.847895,12.45197,9.83094,11.79661,7.86485,13.10733
1.26,7.537165,14.418054999999999,7.86485,14.41805,7.20948,14.41806
1.28,8.192525,14.418065,8.52021,14.41806,7.86484,14.41807
1.3,8.520199999999999,14.418085,8.52021,14.41808,8.52019,14.41809
1.32,8.84787,14.74578,9.17555,15.07346,8.52019,14.4181
1.34,8.847875,15.72883,9.17556,15.72883,8.52019,15.72883
1.36,8.84787,16.384195,9.17556,16.38419,8.52018,16.3842
1.38,9.503229999999999,17.69492,9.83091,17.69492,9.17555,17.69492
1.4,9.503235,19.005645,9.83092,19.00565,9.17555,19.00564
1.42,15.401515,21.95475,10.48628,19.66101,20.31675,24.24849
1.44,36.373235,25.886855,34.73481,25.55918,38.01166,26.21453
1.46,37.356269999999995,27.52525,37.35628,27.52525,37.35626,27.52525
1.48,38.011610000000005,28.180605,38.01162,28.1806,38.0116,28.18061
1.5,38.011605,28.18061,38.01161,28.18061,38.0116,28.18061
1.52,38.339275,28.83598,38.66696,28.83598,38.01159,28.83598
1.54,37.356235,29.163674999999998,38.0116,29.49135,36.70087,28.836
1.56,36.045505000000006,29.163690000000003,36.70087,29.49137,35.39014,28.83601
1.58,34.734775,28.83602,35.39014,28.83602,34.07941,28.83602
1.6,32.768694999999994,28.83603,33.42406,28.83603,32.11333,28.83603
1.62,39.977715,33.09586,34.07942,30.80211,45.87601,35.38961
1.64,53.74044,36.04495,54.3958,35.38959,53.08508,36.70031
1.66,53.740435000000005,38.6664,53.74044,38.6664,53.74043,38.6664
1.68,55.378834999999995,40.3048,55.70652,39.97712,55.05115,40.63248
1.7,56.0342,41.615520000000004,56.36189,41.28784,55.70651,41.9432
1.72,57.017245,42.92624,57.01725,42.59856,57.01724,43.25392
1.74,57.344925,43.25393,57.67261,43.25393,57.01724,43.25393
1.76,56.689565,43.25394,57.01725,43.25394,56.36188,43.25394
1.78,56.034205,43.25395,56.36189,43.25395,55.70652,43.25395
1.8,56.0342,43.25395,56.36189,43.25395,55.70651,43.25395
1.82,55.37884,43.25396,55.70653,43.25396,55.05115,43.25396
1.84,55.378834999999995,43.25396,55.70652,43.25396,55.05115,43.25396
1.86,54.723475,43.253965,55.05116,43.25397,54.39579,43.25396
1.88,55.051145,43.25396,55.05115,43.25396,55.05114,43.25396
1.9,56.03418,43.25397,55.70651,43.25397,56.36185,43.25397
1.92,56.689535,43.25397,57.01722,43.25397,56.36185,43.25397
1.94,57.017215,43.25398,57.01722,43.25398,57.01721,43.25398
1.96,58.000254999999996,43.254255,58.32794,43.25398,57.67257,43.25453
1.98,64.55392499999999,43.253960000000006,60.9494,43.25397,68.15845,43.25395
2.0,71.43529000000001,43.25395,72.09066,43.25395,70.77992,43.25395
2.02,71.76297,43.253945,71.4353,43.25394,72.09064,43.25395
2.04,72.41833,43.25394,72.74601,43.25394,72.09065,43.25394
2.06,73.40138,43.25394,73.40138,43.25394,73.40138,43.25394
2.08,73.729075,43.25394,74.05676,43.25394,73.40139,43.25394
2.1,74.384445,43.25393,74.71212,43.25393,74.05677,43.25393
2.12,4.916290000000004,43.25393,-64.87955,43.25393,74.71213,43.25393
2.14,75.367505,43.25393,75.36751,43.25393,75.3675,43.25393
2.16,76.022875,43.253935,76.02288,43.25394,76.02287,43.25393
2.18,76.678245,43.25393,76.67825,43.25393,76.67824,43.25393
2.2,77.333615,43.253935,77.33362,43.25394,77.33361,43.25393
2.22,70.77999,43.253965,76.67827,43.25394,64.88171,43.25399
2.24,51.11907,42.271,53.74053,42.59868,48.49761,41.94332
2.26,50.463685,43.254055,50.4637,43.25405,50.46367,43.25406
2.28,51.119015000000005,43.25407,51.11903,43.25407,51.119,43.25407
2.3,51.446695000000005,43.25408,51.77438,43.25408,51.11901,43.25408
2.32,52.757414999999995,43.25408,53.0851,43.25408,52.42973,43.25408
2.34,53.74047,43.254075,53.74047,43.25408,53.74047,43.25407
2.36,54.06943,43.25407,54.39839,43.25407,53.74047,43.25407
2.38,54.723515,43.25407,55.0512,43.25407,54.39583,43.25407
2.4,54.068165,43.254075,54.39585,43.25408,53.74048,43.25407
2.42,53.085115,43.25408,53.74048,43.25408,52.42975,43.25408
2.44,52.75744,43.25409,53.08513,43.25409,52.42975,43.25409
2.46,52.10207,43.254104999999996,52.42976,43.2541,51.77438,43.25411
2.48,51.446690000000004,43.254125,51.77438,43.25412,51.119,43.25413
2.5,50.46362,43.25416,51.119,43.25415,49.80824,43.25417
2.52,49.152855,43.254220000000004,49.80823,43.2542,48.49748,43.25424
2.54,48.82513,43.2543,49.15283,43.25428,48.49743,43.25432
2.56,48.497434999999996,43.254360000000005,48.49744,43.25435,48.49743,43.25437
2.58,47.514390000000006,43.254395,47.84208,43.25439,47.1867,43.2544
2.6,47.186710000000005,43.254415,47.84207,43.25442,46.53135,43.25441
2.62,46.53136,43.254425,46.53136,43.25443,46.53136,43.25442
2.64,48.82514,43.25441,47.18673,43.25442,50.46355,43.2544
2.66,71.76297500000001,43.254355000000004,66.19235,43.25437,77.3336,43.25434
2.68,78.31666,43.25432,78.64435,43.25433,77.98897,43.25431
2.7,80.28273,43.254305,79.95506,43.25431,80.6104,43.2543
2.72,82.57649,43.25429,82.57649,43.25429,82.57649,43.25429
2.74,83.887215,43.254275,83.88722,43.25428,83.88721,43.25427
2.76,84.54259,43.25426,84.54259,43.25426,84.54259,43.25426
2.78,85.853315,43.254255,85.85332,43.25426,85.85331,43.25425
2.8,85.525635,43.254245,85.85332,43.25425,85.19795,43.25424
2.82,84.87027499999999,43.25425,85.19796,43.25425,84.54259,43.25425
2.84,84.214925,43.25424,84.5426,43.25424,83.88725,43.25424
2.86,88.14715000000001,43.254245,86.50873,43.25425,89.78557,43.25424
2.88,90.440945,43.25423,91.09631,43.25423,89.78558,43.25423
2.9,90.11325500000001,43.25423,90.44094,43.25423,89.78557,43.25423
2.92,90.440935,43.25438,91.0963,43.25423,89.78557,43.25453
2.94,90.11327,43.254225,90.44095,43.25423,89.78559,43.25422
2.96,81.26588000000001,43.254265000000004,89.78561,43.25423,72.74615,43.2543
2.98,28.83677,43.254419999999996,41.2887,43.2544,16.38484,43.25444
3.0,-3.931445,43.2545,1.96684,43.25448,-9.82973,43.25452
3.02,-13.434255,42.92682,-13.76191,42.59915,-13.1066,43.25449
3.04,-11.46823,43.254475,-11.7959,43.25448,-11.14056,43.25447
3.06,-10.812899999999999,43.25447,-11.14057,43.25447,-10.48523,43.25447
3.08,-38.010365,43.25447,-64.88011,43.25447,-11.14062,43.25447
3.1,-10.81295,43.254485,-10.48526,43.25448,-11.14064,43.25449
3.12,-11.46833,43.2545,-11.14064,43.2545,-11.79602,43.2545
3.14,-12.123695000000001,43.254505,-11.79601,43.2545,-12.45138,43.25451
3.16,-12.1237,43.25451,-11.79602,43.25451,-12.45138,43.25451
3.18,-12.779055,43.254505,-12.45137,43.25451,-13.10674,43.2545
3.2,-10.812985000000001,43.254505,-11.14066,43.25451,-10.48531,43.2545
3.22,-8.846910000000001,43.254495,-9.17458,43.2545,-8.51924,43.25449
3.24,-4.259395,43.25448,-7.20852,43.25449,-1.31027,43.25447
3.26,14.090825,43.254419999999996,12.45241,43.25443,15.72924,43.25441
3.28,16.71227,43.254395,16.3846,43.2544,17.03994,43.25439
3.3,18.02298,43.25439,17.6953,43.25439,18.35066,43.25439
3.32,19.0073,43.2544,19.00858,43.2544,19.00602,43.2544
3.34,18.350675,43.2544,19.00604,43.2544,17.69531,43.2544
3.36,17.695325,43.254405,18.35069,43.2544,17.03996,43.25441
3.38,16.7123,43.25441,17.03998,43.25441,16.38462,43.25441
3.4,16.05695,43.25441,16.38463,43.25441,15.72927,43.25441
3.42,15.07393,43.254405,15.72929,43.25441,14.41857,43.2544
3.44,27.853585000000002,43.25437,21.62759,43.25439,34.07958,43.25435
3.46,38.66717,43.25434,39.32254,43.25435,38.0118,43.25433
3.48,38.667159999999996,43.254325,38.66717,43.25433,38.66715,43.25432
3.5,39.322514999999996,43.254315,39.32252,43.25432,39.32251,43.25431
3.52,38.667154999999994,43.254305,39.32252,43.25431,38.01179,43.2543
3.54,38.33948,43.25429,38.66716,43.25429,38.0118,43.25429
3.56,37.356449999999995,43.254284999999996,38.01181,43.25429,36.70109,43.25428
3.58,37.028774999999996,43.254270000000005,37.35646,43.25428,36.70109,43.25426
3.6,37.356455,43.254255,37.35646,43.25426,37.35645,43.25425
3.62,38.339495,43.254239999999996,38.01182,43.25425,38.66717,43.25423
3.64,39.32254,43.254225,39.32254,43.25423,39.32254,43.25422
3.66,39.650225,43.25422,39.97791,43.25422,39.32254,43.25422
3.68,39.65023,43.254215,39.97791,43.25422,39.32255,43.25421
3.7,39.32255,43.254205,39.32255,43.25421,39.32255,43.2542
3.72,49.48072500000001,43.254165,43.91011,43.25418,55.05134,43.25415
3.74,60.949675,43.25414000000001,61.60504,43.25415,60.29431,43.25413
3.76,60.949664999999996,43.254125,60.94967,43.25413,60.94966,43.25412
3.78,62.260395,43.25411,62.2604,43.25411,62.26039,43.25411
3.8,63.57112,43.254104999999996,63.57112,43.25411,63.57112,43.2541
3.82,64.554175,43.254095,64.2265,43.2541,64.88185,43.25409
3.84,67.1756,43.254095,66.84793,43.2541,67.50327,43.25409
3.86,69.46934999999999,43.254095,68.814,43.2541,70.1247,43.25409
3.88,70.45238499999999,43.25409,70.78007,43.25409,70.1247,43.25409
3.9,70.78007,43.254095,70.78007,43.2541,70.78007,43.25409
3.92,71.107765,43.254104999999996,71.43544,43.25411,70.78009,43.2541
3.94,71.107785,43.2541,71.43546,43.2541,70.78011,43.2541
3.96,72.41853499999999,43.2541,70.78012,43.2541,74.05695,43.2541
3.98,88.47506,43.254085,85.85358,43.25409,91.09654,43.25408
4.0,90.1135,43.25408,90.44119,43.25408,89.78581,43.25408
4.02,90.768855,43.25408,91.09654,43.25408,90.44117,43.25408
4.04,91.09654499999999,43.25408,91.09655,43.25408,91.09654,43.25408
4.06,90.76887500000001,43.25408,91.09656,43.25408,90.44119,43.25408
4.08,91.424235,43.25409,91.75192,43.25409,91.09655,43.25409
4.1,91.751915,43.25408,92.40728,43.25408,91.09655,43.25408
4.12,92.079595,43.25408,92.40728,43.25408,91.75191,43.25408
4.14,92.079595,43.254075,92.40728,43.25408,91.75191,43.25407
4.16,92.079595,43.254075,92.40727,43.25408,91.75192,43.25407
4.18,92.079595,43.25407,92.40728,43.25407,91.75191,43.25407
4.2,92.07961,43.254075,92.40729,43.25408,91.75193,43.25407
4.22,82.90455,43.25411,91.09658,43.25408,74.71252,43.25414
4.24,33.7523,34.4069,45.87654,38.66671,21.62806,30.14709
4.26,9.17613,27.197975,9.17615,26.87031,9.17611,27.52564
4.28,10.159115,28.836345,10.48681,29.49171,9.83142,28.18098
4.3,10.814454999999999,28.180979999999998,11.14214,28.83634,10.48677,27.52562
4.32,11.14213,27.52562,11.14214,27.52562,11.14212,27.52562
4.34,11.142135,27.197935,11.14214,27.52562,11.14213,26.87025
4.36,11.142125,27.52561,11.14213,27.52561,11.14212,27.52561
4.38,11.469809999999999,27.52561,11.7975,27.52561,11.14212,27.52561
4.4,12.12518,27.52562,12.45286,27.52562,11.7975,27.52562
4.42,11.14215,27.52563,11.79751,27.52563,10.48679,27.52563
4.44,-0.9820550000000001,25.887295,2.62245,26.21496,-4.58656,25.55963
4.46,-3.27584,26.54267,-3.27583,26.21499,-3.27585,26.87035
4.48,-1.9651399999999999,28.508760000000002,-1.96513,28.18108,-1.96515,28.83644
4.5,-0.982109999999995,29.491805,-0.65441999999999,29.4918,-1.3098,29.49181
4.52,-0.982114999999995,29.49181,-0.65442999999999,29.49181,-1.3098,29.49181
4.54,-1.96516,29.49182,-1.96515,29.49182,-1.96517,29.49182
4.56,-2.292845,28.83646,-1.96516,28.83646,-2.62053,28.83646
4.58,-2.292845,28.181095,-1.96516,28.83646,-2.62053,27.52573
4.6,-2.9482049999999997,27.52574,-2.62052,27.52574,-3.27589,27.52574
4.62,-2.292835,27.198055,-1.96515,27.52574,-2.62052,26.87037
4.64,8.52069,31.13019,1.31166,29.49181,15.72972,32.76857
4.66,25.887935,33.423905000000005,26.21561,33.42391,25.56026,33.4239
4.68,26.54329,34.406935000000004,26.21562,34.73462,26.87096,34.07925
4.7,28.18169,34.07926,28.1817,34.07926,28.18168,34.07926
4.72,28.509375,33.751580000000004,28.83706,34.07926,28.18169,33.4239
4.74,29.16472,33.09621,29.49241,33.42389,28.83703,32.76853
4.76,29.492395000000002,32.440844999999996,29.4924,32.76853,29.49239,32.11316
4.78,29.492395000000002,31.785484999999998,29.4924,32.11317,29.49239,31.4578
4.8,30.147750000000002,30.802435000000003,30.14776,30.80244,30.14774,30.80243
4.82,30.475425,30.47475,30.80311,30.80243,30.14774,30.14707
4.84,31.130785,29.819385,31.45847,30.14707,30.8031,29.4917
4.86,35.06297,31.78545,31.45847,29.4917,38.66747,34.0792
4.88,52.10253,35.717575,51.11947,36.04526,53.08559,35.38989
4.9,52.757905,37.02829,53.08559,37.35597,52.43022,36.70061
4.92,53.413264999999996,37.028285,53.74095,37.35597,53.08558,36.7006
4.94,53.740944999999996,36.7006,53.74095,36.7006,53.74094,36.7006
4.96,54.06863,36.37292,54.39631,36.7006,53.74095,36.04524
4.98,54.06863,35.717565,54.39632,36.04525,53.74094,35.38988
5.0,54.06863,35.389875,54.39631,35.38988,53.74095,35.38987
5.02,54.396315,34.73452,54.39632,34.73452,54.39631,34.73452
5.04,54.723995,35.062200000000004,55.05168,34.73452,54.39631,35.38988
5.06,55.707035000000005,34.406835,55.70704,34.73451,55.70703,34.07916
5.08,56.690070000000006,33.09612,56.3624,33.4238,57.01774,32.76844
5.1,76.351045,39.649695,66.19285,37.35595,86.50924,41.94344
5.12,97.65052,42.598795,98.30589,41.94344,96.99515,43.25415
5.14,97.3228,43.25414000000001,96.33977,43.25415,98.30583,43.25413
5.16,99.61654,43.254135000000005,99.61655,43.25414,99.61653,43.25413
5.18,99.944205,42.926445,100.27189,43.25413,99.61652,42.59876
5.2,99.944205,42.926435,100.27189,43.25412,99.61652,42.59875
5.22,99.944205,42.271074999999996,100.27189,42.59876,99.61652,41.94339
5.24,99.944205,41.94339,100.27189,41.94339,99.61652,41.94339
5.26,99.94421,42.271065,100.27189,41.94339,99.61653,42.59874
5.28,101.254935,42.598735000000005,101.58262,42.59874,100.92725,42.59873
5.3,101.910305,43.25409,102.23799,43.25409,101.58262,43.25409
5.32,102.893355,43.254085,102.89336,43.25409,102.89335,43.25408
5.34,103.54873,42.9264,104.20409,43.25408,102.89337,42.59872
5.36,103.87642,41.943355,104.2041,42.59872,103.54874,41.28799
5.38,84.215525,35.38983,93.06294,38.01124,75.36811,32.76842
5.4,67.831395,31.45769,68.15908,31.4577,67.50371,31.45768
5.42,67.83138500000001,32.113034999999996,68.15908,32.11304,67.50369,32.11303
5.44,67.83137500000001,31.78535,68.15906,32.11303,67.50369,31.45767
5.46,68.48674,32.76839,68.81442,32.76839,68.15906,32.76839
5.48,68.81443,33.42374,68.81443,33.42374,68.81443,33.42374
5.5,69.46981,33.751414999999994,69.46981,34.0791,69.46981,33.42373
5.52,70.78055,34.079094999999995,70.78055,34.07909,70.78055,34.0791
5.54,72.091285,34.079094999999995,72.09129,34.0791,72.09128,34.07909
5.56,73.07434,33.42373,73.40202,34.07909,72.74666,32.76837
5.58,73.40203,32.11301,74.05739,32.76837,72.74667,31.45765
5.6,72.41901,30.474600000000002,72.74669,31.45764,72.09133,29.49156
5.62,74.05745,28.836205,72.09135,27.52549,76.02355,30.14692
5.64,90.11403,30.802285,87.16485,31.45765,93.06321,30.14692
5.66,91.42482000000001,30.14692,92.40787,30.14692,90.44177,30.14692
5.68,90.769455,29.163874999999997,91.09714,29.49156,90.44177,28.83619
5.7,91.097125,27.853160000000003,91.09713,28.18084,91.09712,27.52548
5.72,89.131025,25.231745,92.40785,26.87013,85.8542,23.59336
5.74,45.221625,11.141635,60.29501,15.07376,30.14824,7.20951
5.76,2.9506200000000002,1.3113299999999999,9.83196,1.96667,-3.93072,0.65599
5.78,-6.55218,1.96669,-7.86289,0.65599,-5.24147,3.27739
5.8,-3.275415,8.847965,-3.93075,7.20956,-2.62008,10.48637
5.82,0.9843599999999999,14.41856,0.6567,13.10784,1.31202,15.72928
5.84,3.93344,20.644475,3.2781,19.66144,4.58878,21.62751
5.86,5.89947,24.57662,5.89949,23.59359,5.89945,25.55965
5.88,5.89943,27.853405000000002,6.55481,27.52573,5.24405,28.18108
5.9,5.244035,29.81948,5.89941,29.4918,4.58866,30.14716
5.92,4.260965,31.785545,4.58866,31.45787,3.93327,32.11322
5.94,4.260945,33.096255,4.58863,32.76858,3.93326,33.42393
5.96,11.797625,38.33911,7.21008,36.70072,16.38517,39.9775
5.98,17.040554999999998,39.977485,17.69593,39.32213,16.38518,40.63284
6.0,17.36822,40.960515,17.69591,41.2882,17.04053,40.63283
6.02,16.385175,40.305144999999996,17.04054,40.63283,15.72981,39.97746
6.04,15.402125,39.977464999999995,15.72981,39.97747,15.07444,39.97746
6.06,14.419080000000001,38.994415000000004,15.07445,39.3221,13.76371,38.66673
6.08,13.436035,38.666735,13.76372,39.3221,13.10835,38.01137
6.1,12.452995,37.68369,13.10836,38.01137,11.79763,37.35601
6.12,11.79763,37.028335,11.79764,37.35602,11.79762,36.70065
6.14,11.14226,37.028335,11.79763,37.35602,10.48689,36.70065
6.16,10.81458,36.700649999999996,11.14227,37.35601,10.48689,36.04529
6.18,9.176165000000001,36.37298,9.83153,36.70066,8.5208,36.0453
6.2,8.19312,36.70066,9.17616,36.70066,7.21008,36.70066
6.22,6.882405,36.700665,7.21009,36.70067,6.55472,36.70066
6.24,22.283515,42.598875,15.72984,41.94353,28.83719,43.25422
6.26,31.458679999999998,43.25422,32.76942,43.25422,30.14794,43.25422
6.28,31.130995,43.25423,30.80332,43.25423,31.45867,43.25423
6.3,31.45868,42.598870000000005,32.11404,43.25423,30.80332,41.94351
6.32,29.164975,39.977455,30.148,40.63281,28.18195,39.3221
6.34,27.526625,39.322105,28.18198,39.3221,26.87127,39.32211
6.36,27.854325,39.649785,28.18201,39.32211,27.52664,39.97746
6.38,27.854325,39.977464999999995,28.18201,39.97747,27.52664,39.97746
6.4,27.854325,39.977464999999995,28.18201,39.97747,27.52664,39.97746
6.42,27.854325,38.994415000000004,28.18201,39.3221,27.52664,38.66673
6.44,27.854325,38.339055,28.18201,38.66674,27.52664,38.01137
6.46,28.181995,37.68369,28.182,38.01137,28.18199,37.35601
6.48,30.475775,39.322085,28.182,37.35601,32.76955,41.28816
6.5,48.1707,42.926535,46.53227,43.25422,49.80913,42.59885
6.52,49.48142,43.2542,49.80911,43.2542,49.15373,43.2542
6.54,50.79213,43.254205,51.11981,43.25421,50.46445,43.2542
6.56,50.464455,43.2542,51.11982,43.2542,49.80909,43.2542
6.58,50.13677,43.254205,50.46446,43.25421,49.80908,43.2542
6.6,50.136765,43.254205,50.46445,43.25421,49.80908,43.2542
6.62,49.809075,43.254205,49.80908,43.25421,49.80907,43.2542
6.64,49.481404999999995,43.2542,49.80909,43.2542,49.15372,43.2542
6.66,49.481395,43.254205,49.80908,43.25421,49.15371,43.2542
6.68,49.809075,43.254205,49.80908,43.25421,49.80907,43.2542
6.7,49.48139,43.2542,49.80907,43.2542,49.15371,43.2542
6.72,54.39662,43.254194999999996,49.80906,43.2542,58.98418,43.25419
6.74,76.02371500000001,43.254165,74.05762,43.25417,77.98981,43.25416
6.76,77.334435,43.25416,77.33445,43.25416,77.33442,43.25416
6.78,77.66208,43.25416,77.98977,43.25416,77.33439,43.25416
6.8,78.317435,43.25416,78.64512,43.25416,77.98975,43.25416
6.82,78.317415,43.254165,78.6451,43.25416,77.98973,43.25417
6.84,79.300445,43.25417,79.30045,43.25417,79.30044,43.25417
6.86,80.283475,43.25418,79.9558,43.25418,80.61115,43.25418
6.88,80.93881999999999,43.25418,81.26651,43.25418,80.61113,43.25418
6.9,81.26649499999999,43.254185,81.2665,43.25419,81.26649,43.25418
6.92,81.921855,43.254185,81.92186,43.25419,81.92185,43.25418
6.94,81.594175,43.25418,81.92186,43.25418,81.26649,43.25418
6.96,81.92185,43.25417,81.92185,43.25417,81.92185,43.25417
6.98,88.47552999999999,43.25417,85.85406,43.25417,91.097,43.25417
7.0,91.09701000000001,43.254155,91.75238,43.25416,90.44164,43.25415
7.02,91.75235,43.25415,91.75235,43.25415,91.75235,43.25415
7.04,92.08003500000001,43.254145,92.40772,43.25415,91.75235,43.25414
7.06,92.08004,43.25414,92.40773,43.25414,91.75235,43.25414
7.08,92.080045,43.25414,92.40773,43.25414,91.75236,43.25414
7.1,92.08005,43.254145,92.40773,43.25415,91.75237,43.25414
7.12,91.75237,43.25415,92.40774,43.25415,91.097,43.25415
7.14,92.080055,43.254145,92.40774,43.25415,91.75237,43.25414
7.16,92.080055,43.25415,92.40774,43.25415,91.75237,43.25415
7.18,91.752375,43.25415,92.40774,43.25415,91.09701,43.25415
7.2,91.424705,43.25415,91.75239,43.25415,91.09702,43.25415
7.22,91.42471,43.25415,91.75239,43.25415,91.09703,43.25415
7.24,90.11399,42.92648,91.09704,43.25416,89.13094,42.5988
7.26,53.41364,30.802455,70.12543,36.04528,36.70185,25.55963
7.28,-7.207519999999999,14.090945,4.58904,16.38467,-19.00408,11.79722
7.3,-27.52386,12.78025,-28.83455,12.45259,-26.21317,13.10791
7.32,-24.57481,16.057015,-24.90247,15.72934,-24.24715,16.38469
7.34,-22.93645,17.367725,-22.93644,17.04005,-22.93646,17.6954
7.36,-21.625754999999998,19.006115,-21.62575,19.00612,-21.62576,19.00611
7.38,-20.97041,19.66147,-20.9704,19.66147,-20.97042,19.66147
7.4,-20.31507,20.31683,-20.31506,20.31683,-20.31508,20.31683
7.42,-18.67669,19.989145,-19.00436,20.31683,-18.34902,19.66146
7.44,-16.710639999999998,19.333785,-17.03831,19.66147,-16.38297,19.0061
7.46,-14.744575000000001,18.678415,-15.07224,19.0061,-14.41691,18.35073
7.48,-14.089220000000001,18.023049999999998,-13.76153,18.35073,-14.41691,17.69537
7.5,-13.761545,18.02304,-13.76154,18.35072,-13.76155,17.69536
7.52,-12.12316,20.644495,-13.10618,17.69536,-11.14014,23.59363
7.54,-4.586715,39.650045000000006,-4.58666,36.04556,-4.58677,43.25453
7.56,-5.569895000000001,43.254515,-5.89754,43.25453,-5.24225,43.2545
7.58,-2.6208650000000002,43.254485,-2.62084,43.25449,-2.62089,43.25448
7.6,-1.3102049999999998,43.254464999999996,-1.31019,43.25447,-1.31022,43.25446
7.62,-0.98255,43.254464999999996,-0.65486,43.25447,-1.31024,43.25446
7.64,-1.965595,43.25446,-1.31023,43.25446,-2.62096,43.25446
7.66,-2.620945,43.254464999999996,-1.96558,43.25447,-3.27631,43.25446
7.68,-3.27629,43.25448,-2.62093,43.25448,-3.93165,43.25448
7.7,-4.58701,43.25448,-3.93165,43.25448,-5.24237,43.25448
7.72,-5.897715,43.25449,-5.24235,43.25449,-6.55308,43.25449
7.74,-6.55306,43.25449,-5.8977,43.25449,-7.20842,43.25449
7.76,-7.863765000000001,43.2545,-7.2084,43.2545,-8.51913,43.2545
7.78,-9.17446,42.92682,-7.86376,43.2545,-10.48516,42.59914
7.8,-14.089325,16.05702,-15.07244,24.9044,-13.10621,7.20964
7.82,-13.433875,12.4525,-12.45082,9.17571,-14.41693,15.72929
7.84,-14.416934999999999,16.384645,-14.41692,16.38465,-14.41695,16.38464
7.86,-14.089275,18.35072,-13.76159,18.35072,-14.41696,18.35072
7.88,-13.761610000000001,19.66143,-13.7616,19.66143,-13.76162,19.66143
7.9,-13.76162,20.644465,-13.76161,20.31679,-13.76163,20.97214
7.92,-14.089305,21.299815000000002,-13.76162,21.6275,-14.41699,20.97213
7.94,-14.416985,21.955175,-13.76162,21.6275,-15.07235,22.28285
7.96,-14.744655,22.61054,-14.41697,22.93822,-15.07234,22.28286
7.98,-14.74465,22.61054,-14.41697,22.93822,-15.07233,22.28286
8.0,-15.399999999999999,22.938225000000003,-15.07232,22.93823,-15.72768,22.93822
8.02,-15.399989999999999,23.265909999999998,-15.0723,23.59359,-15.72768,22.93823
8.04,-15.072305,22.61055,-15.0723,22.93823,-15.07231,22.28287
8.06,-14.41695,23.265929999999997,-14.41694,22.28288,-14.41696,24.24898
8.08,-13.43394,25.887385000000002,-13.10625,26.21507,-13.76163,25.5597
8.1,-13.106265,26.21506,-13.10626,26.21506,-13.10627,26.21506
8.12,-12.778575,26.215055,-12.45089,26.21506,-13.10626,26.21505
8.14,-12.778569999999998,26.21506,-12.45089,26.21506,-13.10625,26.21506
8.16,-12.1232,26.542735,-11.79552,26.87042,-12.45088,26.21505
8.18,-12.450865,26.215055,-11.7955,26.21506,-13.10623,26.21505
8.2,-12.450865,25.88738,-12.45086,26.21506,-12.45087,25.5597
8.22,-12.778535000000002,25.88738,-12.45085,26.21506,-13.10622,25.5597
8.24,-13.433875,25.5597,-13.10619,25.5597,-13.76156,25.5597
8.26,-9.50168,28.50881,-13.10618,26.21506,-5.89718,30.80256
8.28,10.487025,33.096295,9.17628,33.42398,11.79777,32.76861
8.3,11.797765,35.390045,11.79777,35.39005,11.79776,35.39004
8.32,12.780805,35.717715,12.45312,35.39004,13.10849,36.04539
8.34,13.76386,36.04539,13.76386,36.04539,13.76386,36.04539
8.36,14.41923,36.700745,14.41923,36.70075,14.41923,36.70074
8.38,15.074595,36.700745,15.0746,37.35611,15.07459,36.04538
8.4,15.074595,36.37306,15.0746,36.70074,15.07459,36.04538
8.42,15.72996,35.390015,16.38532,35.39002,15.0746,35.39001
8.44,15.074605,34.406975,15.72997,34.73466,14.41924,34.07929
8.46,14.746925000000001,33.09626,15.07461,33.42394,14.41924,32.76858
8.48,13.76389,31.785539999999997,14.41925,32.11322,13.10853,31.45786
8.5,12.453175,30.802509999999998,13.10854,31.45787,11.79781,30.14715
8.52,21.956,34.73465,15.73001,33.42395,28.18199,36.04535
8.54,35.063385,36.37302,36.04643,36.7007,34.08034,36.04534
8.56,34.080330000000004,37.02838,34.08034,37.35606,34.08032,36.7007
8.58,33.752645,36.373025,34.08033,36.7007,33.42496,36.04535
8.6,33.75264,36.373025,34.08033,36.70071,33.42495,36.04534
8.62,34.080315,36.70071,34.08032,36.70071,34.08031,36.70071
8.64,33.75264,37.028385,34.08032,37.35607,33.42496,36.7007
8.66,34.408,37.35607,34.73569,37.35607,34.08031,37.35607
8.68,34.735675,36.70071,34.73568,37.35607,34.73567,36.04535
8.7,35.718715,35.717675,35.39104,36.04536,36.04639,35.38999
8.72,36.701755,35.38999,36.70176,36.04535,36.70175,34.73463
8.74,37.684799999999996,36.04535,37.35712,35.39,38.01248,36.7007
8.76,51.447535,39.6498,47.84301,40.63285,55.05206,38.66675
8.78,54.396699999999996,40.632835,55.05207,39.97748,53.74133,41.28819
8.8,54.724365000000006,40.63283,55.05205,41.28819,54.39668,39.97747
8.82,54.724365000000006,39.649789999999996,55.05205,39.97747,54.39668,39.32211
8.84,54.724365000000006,38.99443,55.05205,39.32211,54.39668,38.66675
8.86,54.396685000000005,38.33907,54.39669,38.66675,54.39668,38.01139
8.88,53.741325,37.028345,54.39669,37.35603,53.08596,36.70066
8.9,53.413650000000004,37.028345,53.74134,37.35603,53.08596,36.70066
8.92,53.413655000000006,36.70066,53.74134,36.70066,53.08597,36.70066
8.94,53.413655000000006,36.37298,53.74134,36.70066,53.08597,36.0453
8.96,53.741335,36.700655,53.74134,36.70066,53.74133,36.70065
8.98,54.069024999999996,36.37297,54.39671,36.70065,53.74134,36.04529
9.0,54.06903,36.37297,54.39672,36.70065,53.74134,36.04529
9.02,54.069035,36.372965,54.39672,36.70065,53.74135,36.04528
9.04,54.06904,35.717605,54.39672,36.04529,53.74136,35.38992
9.06,43.583245000000005,30.80245,51.77528,34.07922,35.39121,27.52568
9.08,21.62856,23.26587,23.59466,23.59355,19.66246,22.93819
9.1,20.645495,23.921205,20.97318,24.24889,20.31781,23.59352
9.12,18.351705000000003,22.61049,21.62853,23.59351,15.07488,21.62747
9.14,-22.93618,12.452565,-10.48427,15.72933,-35.38809,9.1758
9.16,-38.992625000000004,7.209695,-39.97564,6.55436,-38.00961,7.86503
9.18,-36.04357,7.86501,-36.04355,8.52038,-36.04359,7.20964
9.2,-33.09451,7.864979999999999,-33.42217,7.86499,-32.76685,7.86497
9.22,-30.800785,7.53728,-31.45613,7.86497,-30.14544,7.20959
9.24,-29.16241,7.537265,-29.49008,7.86495,-28.83474,7.20958
9.26,-27.52402,7.864935,-27.52401,7.86494,-27.52403,7.86493
9.28,-25.230275,7.86493,-25.55795,7.86493,-24.9026,7.86493
9.3,-23.919565,7.537245,-24.24724,7.86493,-23.59189,7.20956
9.32,-22.28117,6.226520000000001,-22.28116,6.55421,-22.28118,5.89883
9.34,-21.29814,5.571155,-20.97045,5.89884,-21.62583,5.24347
9.36,-21.29814,4.915795,-20.97045,5.24348,-21.62583,4.58811
9.38,-20.642775,4.5881050000000005,-20.31509,4.58811,-20.97046,4.5881
9.4,-4.913994999999995,10.15864,-10.48462,9.83097,0.65663000000001,10.48631
9.42,3.27811,11.141655,3.93348,10.4863,2.62274,11.79701
9.44,3.605775,12.124685,3.2781,12.45237,3.93345,11.797
9.46,4.588815,11.469325000000001,4.58882,11.79701,4.58881,11.14164
9.48,5.571855,11.469315,5.89954,11.797,5.24417,11.14163
9.5,5.571855,11.141635,5.89954,11.14164,5.24417,11.14163
9.52,6.22722,10.813949999999998,6.55491,11.14163,5.89953,10.48627
9.54,5.899545,10.813955,5.89955,11.14164,5.89954,10.48627
9.56,6.227225,10.48627,6.55491,10.48627,5.89954,10.48627
9.58,6.227225,10.15859,6.55491,10.48627,5.89954,9.83091
9.6,6.882585000000001,9.175545,7.21027,9.17555,6.5549,9.17554
9.62,6.5549,8.84786,6.55491,9.17554,6.55489,8.52018
9.64,7.210240000000001,9.17554,7.21025,9.17554,7.21023,9.17554
9.66,7.53792,8.520175,7.86561,8.52018,7.21023,8.52017
9.68,7.865584999999999,8.19249,7.86559,8.52017,7.86558,7.86481
9.7,7.865584999999999,8.19248,7.86559,8.52016,7.86558,7.8648
9.72,-28.506905000000003,7.537125,8.52094,7.86481,-65.53475,7.20944
9.74,8.193265,7.8648,8.52095,7.8648,7.86558,7.8648
9.76,7.5379,7.2094450000000005,7.86558,7.20945,7.21022,7.20944
9.78,7.865584999999999,7.2094450000000005,7.86559,7.20945,7.86558,7.20944
9.8,7.537905,6.88176,7.86559,7.20944,7.21022,6.55408
9.82,6.882555,6.226405,7.21024,6.55409,6.55487,5.89872
9.84,20.31755,12.12461,13.76388,10.48623,26.87122,13.76299
9.86,35.39101,15.401385000000001,35.39101,15.72907,35.39101,15.0737
9.88,35.718689999999995,16.7121,35.39102,17.03978,36.04636,16.38442
9.9,37.684755,16.056735,37.35708,16.38441,38.01243,15.72906
9.92,39.650835,15.40138,39.32316,15.72906,39.97851,15.0737
9.94,40.306185,15.401375,40.63387,15.72906,39.9785,15.07369
9.96,41.289215,14.746009999999998,41.28922,15.07369,41.28921,14.41833
9.98,41.6169,14.41833,41.94459,14.41833,41.28921,14.41833
10.0,41.944575,14.41833,41.94458,14.41833,41.94457,14.41833
10.02,42.272255,13.435289999999998,42.59994,13.76297,41.94457,13.10761
10.04,42.27226,12.779935,42.59995,13.10762,41.94457,12.45225
10.06,42.92763,12.45225,42.59995,12.45225,43.25531,12.45225
10.08,43.582985,12.45225,43.91067,12.45225,43.2553,12.45225
10.1,43.582985,12.124559999999999,43.91067,12.45224,43.2553,11.79688
10.12,43.910675,11.79688,43.91068,11.79688,43.91067,11.79688
10.14,43.582995,11.4692,43.91068,11.79688,43.25531,11.14152
10.16,44.238355,10.813839999999999,44.56604,11.14152,43.91067,10.48616
10.18,43.583,11.141515,43.91068,11.14151,43.25532,11.14152
10.2,43.255325,11.469204999999999,43.91069,11.14152,42.59996,11.79689
10.22,42.59998,11.469215,43.25534,11.7969,41.94462,11.14153
10.24,42.272305,13.10761,42.59999,12.45225,41.94462,13.76297
10.26,42.599995,14.41833,43.25536,14.41833,41.94463,14.41833
10.28,42.272324999999995,15.07369,42.60001,15.07369,41.94464,15.07369
10.3,42.27233,15.729055,42.60001,15.72906,41.94465,15.72905
10.32,42.272335,16.38442,42.60002,16.38442,41.94465,16.38442
10.34,41.944655,16.38442,42.60002,16.38442,41.28929,16.38442
10.36,41.61699,16.71211,41.94467,17.03979,41.28931,16.38443
10.38,30.47583,13.76304,38.66788,15.72909,22.28378,11.79699
10.4,12.78099,11.469335000000001,13.76405,11.14166,11.79793,11.79701
10.42,12.45327,13.763075,12.45328,13.10772,12.45326,14.41843
10.44,13.763975,15.073785,13.76398,15.07379,13.76397,15.07378
10.46,14.419335,16.05682,14.41934,15.72914,14.41933,16.3845
10.48,15.074695,17.367539999999998,15.0747,17.03986,15.07469,17.69522
10.5,15.73006,17.69522,15.73007,17.69522,15.73005,17.69522
10.52,16.38542,17.039865,16.38543,17.03986,16.38541,17.03987
10.54,17.368454999999997,15.72915,17.69614,15.72915,17.04077,15.72915
10.56,18.351495,15.401475000000001,19.00686,15.72916,17.69613,15.07379
10.58,18.35149,14.41843,18.3515,14.41843,18.35148,14.41843
10.6,18.351495,14.090755000000001,18.3515,14.41844,18.35149,13.76307
10.62,18.679175,14.41843,19.00686,14.41843,18.35149,14.41843
10.64,18.679175,14.09075,19.00686,13.76307,18.35149,14.41843
10.66,18.351495,13.763065000000001,18.3515,13.76307,18.35149,13.76306
10.68,18.679175,13.435385,19.00686,13.76307,18.35149,13.1077
10.7,18.679180000000002,12.780025,19.00686,13.10771,18.3515,12.45234
10.72,19.006864999999998,12.78002,19.00687,13.1077,19.00686,12.45234
10.74,18.67919,12.452345,19.00688,12.45234,18.3515,12.45235
10.76,19.33456,12.78002,18.35151,12.45234,20.31761,13.1077
10.78,26.215944999999998,12.78001,26.21594,13.10769,26.21595,12.45233
10.8,26.21594,13.435355000000001,26.21595,13.76304,26.21593,13.10767
10.82,26.871295,13.10768,26.8713,13.10768,26.87129,13.10768
10.84,26.54361,13.43536,26.8713,13.76304,26.21592,13.10768
10.86,26.54361,13.10768,26.8713,13.10768,26.21592,13.10768
10.88,26.543605,12.780000000000001,26.87129,13.10768,26.21592,12.45232
10.9,26.543615000000003,12.779995,26.8713,13.10767,26.21593,12.45232
10.92,26.21593,13.10768,26.21593,13.10768,26.21593,13.10768
10.94,26.21594,12.45231,26.21595,12.45231,26.21593,12.45231
10.96,26.543625,12.452315,26.87131,12.45232,26.21594,12.45231
10.98,26.215955,11.79695,26.87132,11.79695,25.56059,11.79695
11.0,25.888265,11.79695,26.21595,11.79695,25.56058,11.79695
11.02,25.23291,11.469275,25.56059,11.79696,24.90523,11.14159
11.04,25.88828,11.79695,25.5606,11.14159,26.21596,12.45231
11.06,38.01257,15.729095000000001,36.04647,15.7291,39.97867,15.72909
11.08,39.323305000000005,16.712130000000002,39.32331,16.38445,39.3233,17.03981
11.1,39.650980000000004,16.712125,39.97867,17.03981,39.32329,16.38444
11.12,39.97867,16.384445,39.97867,16.38445,39.97867,16.38444
11.14,40.306354999999996,16.38445,40.63404,16.38445,39.97867,16.38445
11.16,40.634035,15.72909,40.63404,15.72909,40.63403,15.72909
11.18,40.306354999999996,15.729085,40.63404,15.72909,39.97867,15.72908
11.2,40.634035,15.729085,40.63404,15.72909,40.63403,15.72908
11.22,41.94475,14.746044999999999,41.94476,15.07373,41.94474,14.41836
11.24,43.255465,13.43533,43.25547,13.76301,43.25546,13.10765
11.26,57.673514999999995,19.33355,51.11984,18.35052,64.22719,20.31658
11.28,72.419295,22.610335,72.74698,22.28266,72.09161,22.93801
11.3,73.07464,23.921045,73.40233,24.24873,72.74695,23.59336
11.32,74.057675,22.938,74.05768,22.938,74.05767,22.938
11.34,74.385355,22.938,74.71304,22.938,74.05767,22.938
11.36,74.385355,22.61031,74.71304,22.93799,74.05767,22.28263
11.38,75.36839,21.954945000000002,75.3684,22.28263,75.36838,21.62726
11.4,76.02375,21.954945000000002,76.02376,22.28263,76.02374,21.62726
11.42,76.351425,21.29958,76.67911,21.62726,76.02374,20.9719
11.44,76.67910499999999,21.299574999999997,76.67911,21.62726,76.6791,20.97189
11.46,80.283615,23.59333,77.33447,20.97189,83.23276,26.21477
11.48,99.616975,28.180835000000002,97.65087,28.18084,101.58308,28.18083
11.5,100.27235,30.146904999999997,100.27236,30.14691,100.27234,30.1469
11.52,101.583055,29.819215,101.58306,30.1469,101.58305,29.49153
11.54,101.91073,29.819205,102.23842,30.14689,101.58304,29.49152
11.56,102.893765,29.163835,102.89377,29.49152,102.89376,28.83615
11.58,102.566095,27.525425,102.89378,28.18079,102.23841,26.87006
11.6,101.583055,24.903965,102.23842,25.55933,100.92769,24.2486
11.62,101.25535500000001,23.26554,101.58305,23.59323,100.92766,22.93785
11.64,101.583,22.61015,102.23838,22.93784,100.92762,22.28246
11.66,102.893685,21.954755,102.8937,21.62708,102.89367,22.28243
11.68,80.283625,11.79673,96.34004,18.35029,64.22721,5.24317
11.7,13.436480000000005,-9.829989999999999,27.52681,-7.20857,-0.65384999999999,-12.45141
11.72,-2.94768,-11.14073,-4.58607,-11.79608,-1.30929,-10.48538
11.74,0.32908500000000507,-9.83005,0.0014200000000102,-9.83004,0.65675,-9.83006
11.76,1.967455,-8.191659999999999,1.96746,-8.51934,1.96745,-7.86398
11.78,2.950495,-6.55326,3.27818,-6.55326,2.62281,-6.55326
11.8,2.9504849999999996,-5.8979,3.27817,-5.8979,2.6228,-5.8979
11.82,2.9504849999999996,-5.24253,3.27817,-5.24253,2.6228,-5.24253
11.84,2.9504849999999996,-5.24253,3.27817,-5.24253,2.6228,-5.24253
11.86,2.29513,-5.570205,2.62281,-5.24252,1.96745,-5.89789
11.88,0.9844199999999987,-5.570205,1.96746,-5.24253,0.0013799999999975,-5.89788
11.9,-2.292365,-6.553224999999999,-2.62005,-6.55322,-1.96468,-6.55323
11.92,-0.6539499999999949,-7.20859,-0.65393999999999,-7.20859,-0.65396,-7.20859
11.94,0.6567600000000049,-6.88091,0.65677000000001,-6.55323,0.65675,-7.20859
11.96,1.639805,-6.880905,1.96749,-6.55323,1.31212,-7.20858
11.98,1.639805,-6.22554,1.96749,-6.55322,1.31212,-5.89786
12.0,1.639805,-5.897855,1.96749,-5.89785,1.31212,-5.89786
12.02,1.63981,-6.553215,1.9675,-6.55321,1.31212,-6.55322
12.04,1.63982,-5.89786,1.31214,-6.55322,1.9675,-5.2425
12.06,21.95619,1.6387450000000001,15.07483,1.31108,28.83755,1.96641
12.08,30.80367,2.94945,31.45905,2.62177,30.14829,3.27713
12.1,31.459,3.604805,31.45901,3.93249,31.45899,3.27712
12.12,32.442035000000004,3.932485,32.11436,3.93249,32.76971,3.93248
12.14,32.442025,3.93248,32.76971,3.93248,32.11434,3.93248
12.16,33.097385,3.93248,33.42507,3.93248,32.7697,3.93248
12.18,33.097375,4.260384999999999,33.42506,4.58784,32.76969,3.93293
12.2,33.425055,3.93248,34.08042,3.93248,32.76969,3.93248
12.22,33.752735,3.604795,34.08042,3.93248,33.42505,3.27711
12.24,35.71882,5.24319,34.08041,3.27711,37.35723,7.20927
12.26,56.6906,11.469085,52.43071,11.79677,60.95049,11.1414
12.28,60.622805,13.762834999999999,60.9505,13.10748,60.29511,14.41819
12.3,61.93351,13.43515,62.2612,13.76283,61.60582,13.10747
12.32,61.93351,13.762825,62.2612,13.76283,61.60582,13.76282
12.34,62.26119,13.10746,62.2612,13.10746,62.26118,13.10746
12.36,62.261185,12.779779999999999,62.26119,13.10746,62.26118,12.4521
12.38,62.26119,12.45211,62.2612,12.45211,62.26118,12.45211
12.4,62.916555,12.45211,62.91656,12.45211,62.91655,12.45211
12.42,62.588875,12.12443,62.91656,12.45211,62.26119,11.79675
12.44,63.244235,11.796745,63.57192,11.79675,62.91655,11.79674
12.46,63.244235,11.796745,63.57192,11.79675,62.91655,11.79674
12.48,69.14255,15.401225,64.22729,13.10747,74.05781,17.69498
12.5,86.18215000000001,17.3673,85.85445,17.69498,86.50985,17.03962
12.52,86.50983,19.661054999999998,86.50984,19.66106,86.50982,19.66105
12.54,87.82054,19.66105,87.82055,19.66105,87.82053,19.66105
12.56,88.47589500000001,19.333370000000002,88.4759,19.66105,88.47589,19.00569
12.58,89.78661,18.67801,89.78662,19.00569,89.7866,18.35033
12.6,91.097325,17.694975,91.09733,18.35033,91.09732,17.03962
12.62,92.08036,16.711935,92.40804,17.03962,91.75268,16.38425
12.64,92.08036,15.7289,92.40805,15.7289,91.75267,15.7289
12.66,92.080365,15.401215,92.40805,15.7289,91.75268,15.07353
12.68,92.080375,14.745854999999999,92.40806,15.07354,91.75269,14.41817
12.7,90.1143,13.10746,91.75271,14.41817,88.47589,11.79675
12.72,45.877250000000004,-2.9487200000000002,64.88281,3.27715,26.87169,-9.17459
12.74,-9.828664999999999,-19.00489,-1.96428,-18.34955,-17.69305,-19.66023
12.76,-17.037725000000002,-17.038829999999997,-17.69307,-17.69418,-16.38238,-16.38348
12.78,-14.744,-15.40045,-15.07166,-15.72813,-14.41634,-15.07277
12.8,-13.433325,-12.451325,-13.10563,-13.10669,-13.76102,-11.79596
12.82,-12.777999999999999,-10.812909999999999,-12.45031,-11.14059,-13.10569,-10.48523
12.84,-13.43338,-9.502185,-13.10569,-9.82986,-13.76107,-9.17451
12.86,-12.778030000000001,-9.17451,-12.45034,-9.17451,-13.10572,-9.17451
12.88,-12.778035,-9.17451,-12.45035,-9.17451,-13.10572,-9.17451
12.9,-13.105715,-9.174525,-12.45035,-8.51916,-13.76108,-9.82989
12.92,-15.07178,-9.502189999999999,-13.10569,-9.17452,-17.03787,-9.82986
12.94,-17.69323,-9.174505,-17.69323,-9.1745,-17.69323,-9.17451
12.96,-17.69322,-8.19148,-17.69322,-8.51916,-17.69322,-7.8638
12.98,-16.710185000000003,-7.53613,-16.3825,-7.20845,-17.03787,-7.86381
13.0,-16.71018,-7.536125,-16.38249,-7.20844,-17.03787,-7.86381
13.02,-16.05481,-7.53613,-15.72713,-7.20845,-16.38249,-7.86381
13.04,-6.552015,-2.620954999999998,-13.76104,-5.24237,0.65701,0.0004600000000039
13.06,14.09207,0.6559699999999999,13.76439,0.65581,14.41975,0.65613
13.08,14.419735,2.294195,14.41974,2.62188,14.41973,1.96651
13.1,16.058125,1.96651,16.38581,1.96651,15.73044,1.96651
13.12,16.385804999999998,2.29419,16.38581,2.62187,16.3858,1.96651
13.14,16.385804999999998,2.621875,16.38581,2.62188,16.3858,2.62187
13.16,16.385804999999998,2.94955,16.38581,2.62187,16.3858,3.27723
13.18,17.041165,3.277235,17.04117,3.27724,17.04116,3.27723
13.2,17.368845,3.277235,17.69653,3.27724,17.04116,3.27723
13.22,17.368855,2.94955,17.69654,3.27723,17.04117,2.62187
13.24,17.696534999999997,2.62188,17.69654,2.62188,17.69653,2.62188
13.26,18.3519,1.63884,18.35191,1.96652,18.35189,1.31116
13.28,19.33494,0.32813000000000037,19.66262,0.65581,19.00726,0.0004500000000007
13.3,19.66262,-0.98258,19.66263,-0.6549,19.66261,-1.31026
13.32,20.645675,-0.6549049999999996,19.66263,-1.31026,21.62872,0.0004500000000007
13.34,33.425340000000006,2.949555,31.45924,3.9326,35.39144,1.96651
13.36,34.73608,3.2772249999999996,34.73609,3.27723,34.73607,3.27722
13.38,35.719115,3.27722,36.0468,3.93258,35.39143,2.62186
13.4,35.719115,2.62186,36.0468,2.62186,35.39143,2.62186
13.42,36.0468,1.966495,36.0468,1.9665,36.0468,1.96649
13.44,36.702155000000005,2.294175,36.70216,2.62186,36.70215,1.96649
13.46,37.685195,2.62185,38.01288,2.62185,37.35751,2.62185
13.48,38.340554999999995,2.62184,38.66824,2.62184,38.01287,2.62184
13.5,37.685175,3.9325850000000004,39.3236,2.62184,36.04675,5.24333
13.52,22.611475,20.316795,28.83753,15.72923,16.38542,24.90436
13.54,1.96723,31.78566,3.27802,30.14728,0.65644,33.42404
13.56,5.57153,37.356145,4.58853,36.7008,6.55453,38.01149
13.58,8.848225,38.994515,8.52057,38.66684,9.17588,39.32219
13.6,9.83123,39.649860000000004,9.83124,39.97754,9.83122,39.32218
13.62,10.814255,40.305215000000004,11.14194,39.97754,10.48657,40.63289
13.64,11.14193,40.305205,11.14194,40.63289,11.14192,39.97752
13.66,12.124965,40.305205,12.45265,40.63289,11.79728,39.97752
13.68,11.797295,39.977525,11.7973,39.97753,11.79729,39.97752
13.7,12.124975,40.63287,12.45266,40.63287,11.79729,40.63287
13.72,12.124975,40.96055,12.45266,41.28823,11.79729,40.63287
13.74,10.486575,41.615925,11.79731,40.63287,9.17584,42.59898
13.76,5.571255,43.254374999999996,7.20968,43.25438,3.93283,43.25437
13.78,4.26051,43.254365,4.5882,43.25436,3.93282,43.25437
13.8,4.588175,43.25436,5.24354,43.25436,3.93281,43.25436
13.82,4.9158550000000005,43.25436,5.24354,43.25436,4.58817,43.25436
13.84,5.243535,43.25436,5.24354,43.25436,5.24353,43.25436
13.86,4.91586,43.25436,5.24354,43.25436,4.58818,43.25436
13.88,4.915865,43.254355000000004,5.24355,43.25436,4.58818,43.25435
13.9,4.915865,43.25436,5.24355,43.25436,4.58818,43.25436
13.92,-30.145895000000003,43.25436,5.24355,43.25436,-65.53534,43.25436
13.94,4.26051,43.25436,4.58819,43.25436,3.93283,43.25436
13.96,4.91587,43.25436,5.24356,43.25436,4.58818,43.25436
13.98,5.5712150000000005,43.25436,5.8989,43.25436,5.24353,43.25436
14.0,17.69546,43.254329999999996,8.52034,43.25435,26.87058,43.25431
14.02,45.87625,43.25426,45.22087,43.25427,46.53163,43.25425
14.04,45.548575,43.25426,45.87626,43.25426,45.22089,43.25426
14.06,47.186975000000004,43.25426,47.18698,43.25426,47.18697,43.25426
14.08,48.17003,43.254255,47.84235,43.25426,48.49771,43.25425
14.1,49.153085000000004,43.254245,49.15309,43.25425,49.15308,43.25424
14.12,50.136145,43.254235,50.46383,43.25424,49.80846,43.25423
14.14,50.136155,43.254235,50.46384,43.25424,49.80847,43.25423
14.16,50.136160000000004,43.25422,50.46384,43.25422,49.80848,43.25422
14.18,49.153115,43.254215,49.80848,43.25422,48.49775,43.25421
14.2,48.170075,43.25421,48.49776,43.25421,47.84239,43.25421
14.22,39.322685,43.254255,47.18704,43.25422,31.45833,43.25429
14.24,0.000994999999999635,43.254435,9.17601,43.25439,-9.17402,43.25448
14.26,-20.64253,41.61613,-19.00417,40.63309,-22.28089,42.59917
14.28,-22.93631,43.25452,-22.93628,43.25453,-22.93634,43.25451
14.3,-19.987285,43.254490000000004,-20.31493,43.2545,-19.65964,43.25448
14.32,-18.348975,43.254464999999996,-18.34895,43.25447,-18.349,43.25446
14.34,-17.693685000000002,43.254455,-17.69367,43.25446,-17.6937,43.25445
14.36,-18.34909,43.25444,-17.69372,43.25445,-19.00446,43.25443
14.38,-18.6768,43.25443,-18.34911,43.25443,-19.00449,43.25443
14.4,-19.004514999999998,43.25443,-18.34914,43.25443,-19.65989,43.25443
14.42,-19.332234999999997,43.25443,-19.00454,43.25443,-19.65993,43.25443
14.44,-19.659955,43.254435,-19.00458,43.25444,-20.31533,43.25443
14.46,-18.349269999999997,43.254419999999996,-19.00462,43.25443,-17.69392,43.25441
14.48,7.210035,43.254335,-1.30975,43.25436,15.72982,43.25431
14.5,19.66202,43.254295,20.31741,43.2543,19.00663,43.25429
14.52,19.661974999999998,43.254284999999996,19.66199,43.25429,19.66196,43.25428
14.54,20.645,43.25428,20.97269,43.25428,20.31731,43.25428
14.56,21.628034999999997,43.254265000000004,21.62804,43.25427,21.62803,43.25426
14.58,21.955714999999998,43.254265000000004,22.2834,43.25427,21.62803,43.25426
14.6,21.95572,43.25426,22.2834,43.25426,21.62804,43.25426
14.62,21.62805,43.25427,21.62806,43.25427,21.62804,43.25427
14.64,21.955725,43.254275,22.28341,43.25428,21.62804,43.25427
14.66,22.283395,43.254284999999996,22.2834,43.25428,22.28339,43.25429
14.68,24.577145,43.25429,24.24947,43.25429,24.90482,43.25429
14.7,25.887855000000002,43.2543,25.56018,43.2543,26.21553,43.2543
14.72,27.19858,43.25431,27.52626,43.25431,26.8709,43.25431
14.74,26.870925,43.254325,27.52628,43.25432,26.21557,43.25433
14.76,26.215600000000002,43.25433,26.87096,43.25433,25.56024,43.25433
14.78,24.249555,43.25433,24.90491,43.25433,23.5942,43.25433
14.8,20.64513,42.271280000000004,22.28351,43.25433,19.00675,41.28823
14.82,14.091735,34.734655000000004,18.35148,38.66679,9.83199,30.80252
14.84,-19.3308,2.6221949999999996,-7.2069,11.79722,-31.4547,-6.55283
14.86,-38.991065,-7.86355,-39.31874,-10.48499,-38.66339,-5.24211
14.88,-36.697385,1.63917,-37.35272,1.31149,-36.04205,1.96685
14.9,-34.403715,5.57133,-34.07601,4.58829,-34.73142,6.55437
14.92,-35.05915,9.175799999999999,-34.73145,8.52045,-35.38685,9.83115
14.94,-35.714605,12.780245,-35.3869,11.79721,-36.04231,13.76328
14.96,-35.059325,17.69543,-34.73162,16.38471,-35.38703,19.00615
14.98,-33.748685,22.938315,-34.07634,22.28295,-33.42103,23.59368
15.0,-32.11037,25.23207,-32.11035,24.90439,-32.11039,25.55975
15.02,-31.127409999999998,26.542775,-31.45507,26.2151,-30.79975,26.87045
15.04,-29.161395,28.508834999999998,-29.48906,28.18116,-28.83373,28.83651
15.06,-27.850720000000003,29.819544999999998,-28.17839,29.49187,-27.52305,30.14722
15.08,-25.556984999999997,31.457935,-25.55698,30.80258,-25.55699,32.11329
15.1,-24.246274999999997,32.76864,-24.24627,32.76864,-24.24628,32.76864
15.12,-19.00338,37.02847,-22.28018,34.73471,-15.72658,39.32223
15.14,-8.517605,41.61596,-9.17296,41.28829,-7.86225,41.94363
15.16,-5.240825,43.254335,-5.89618,43.25434,-4.58547,43.25433
15.18,-2.9470650000000003,43.254315,-3.27474,43.25432,-2.61939,43.25431
15.2,-1.6363400000000001,43.254295,-1.30866,43.2543,-1.96402,43.25429
15.22,-0.98096,42.926595,-0.65328,43.25428,-1.30864,42.59891
15.24,-1.308619999999995,41.943545,-0.65325999999999,42.59891,-1.96398,41.28818
15.26,-1.63757,41.943535,-1.3086,42.5989,-1.96654,41.28817
15.28,-2.29167,40.960485000000006,-1.96398,41.28817,-2.61936,40.6328
15.3,-2.2917050000000003,40.6328,-1.96401,41.28816,-2.6194,39.97744
15.32,-1.308705,38.994395,-1.30869,39.32208,-1.30872,38.66671
15.34,0.9850150000000051,37.683665000000005,0.65735000000001,38.01135,1.31268,37.35598
15.36,1.64035,37.028305,1.96804,36.70062,1.31266,37.35599
15.38,2.623025,43.254395,3.27855,43.25435,1.9675,43.25444
15.4,-2.29251,43.254400000000004,-1.9648,43.25443,-2.62022,43.25437
15.42,1.311855,43.254335,1.31188,43.25435,1.31183,43.25432
15.44,2.622525,43.2543,2.62254,43.25431,2.62251,43.25429
15.46,3.60554,43.254270000000005,3.27787,43.25428,3.93321,43.25426
15.48,4.588559999999999,43.254255,4.58857,43.25426,4.58855,43.25425
15.5,5.5715900000000005,43.25423,5.89928,43.25424,5.2439,43.25422
15.52,5.571574999999999,43.254215,5.89927,43.25422,5.24388,43.25421
15.54,6.226929999999999,43.2542,6.55462,43.2542,5.89924,43.2542
15.56,6.554600000000001,43.25419,6.55461,43.25419,6.55459,43.25419
15.58,7.209955,43.254185,7.20996,43.25419,7.20995,43.25418
15.6,7.86531,43.254175000000004,7.86532,43.25417,7.8653,43.25418
15.62,8.192985,43.25417,8.52067,43.25417,7.8653,43.25417
15.64,8.19299,43.25417,8.52068,43.25417,7.8653,43.25417
15.66,7.209949999999999,43.25417,7.86532,43.25417,6.55458,43.25417
15.68,5.89922,43.25417,6.55459,43.25417,5.24385,43.25417
15.7,4.588495,43.25417,5.24386,43.25417,3.93313,43.25417
15.72,3.60545,43.25418,3.93314,43.25418,3.27776,43.25418
15.74,2.6224,43.254185,3.27777,43.25419,1.96703,43.25418
15.76,1.311675,43.25419,1.96704,43.25419,0.65631,43.25419
15.78,0.98398,43.254194999999996,1.31167,43.2542,0.65629,43.25419
15.8,0.0009350000000054,43.25419,0.0009400000000141,43.25419,0.0009299999999967,43.25419
15.82,0.0009250000000100012,43.254185,0.65629000000001,43.25419,-0.65443999999999,43.25418
15.84,0.983965000000005,43.25419,0.65629000000001,43.25419,1.31164,43.25419
15.86,1.639335,43.25418,1.96702,43.25418,1.31165,43.25418
15.88,2.294695,43.25418,2.62238,43.25418,1.96701,43.25418
15.9,2.622385,43.254175000000004,3.27775,43.25418,1.96702,43.25417
15.92,3.2777450000000004,43.254175000000004,3.27775,43.25418,3.27774,43.25417
15.94,4.5884599999999995,43.25417,4.58847,43.25417,4.58845,43.25417
15.96,5.5715,43.25418,5.89919,43.25418,5.24381,43.25418
15.98,6.22686,43.25417,6.55454,43.25417,5.89918,43.25417
16.0,6.226865,43.25417,6.55455,43.25417,5.89918,43.25417
16.02,6.88222,43.25417,7.2099,43.25417,6.55454,43.25417
16.04,6.88223,43.254165,7.20992,43.25417,6.55454,43.25416
16.06,7.537585,43.254155,7.86527,43.25416,7.2099,43.25415
16.08,7.537585,43.25415,7.86527,43.25415,7.2099,43.25415
16.1,8.520620000000001,43.25414,8.52063,43.25414,8.52061,43.25414
16.12,9.83133,43.25413,9.83133,43.25413,9.83133,43.25413
16.14,10.814354999999999,43.25412,11.14204,43.25413,10.48667,43.25411
16.16,11.14203,43.25411,11.14204,43.25411,11.14202,43.25411
16.18,12.12505,43.254104999999996,12.45274,43.25411,11.79736,43.2541
16.2,12.125055,43.2541,12.45274,43.2541,11.79737,43.2541
16.22,12.12504,43.254095,12.45273,43.2541,11.79735,43.25409
16.24,12.125029999999999,43.25409,12.45272,43.25409,11.79734,43.25409
16.26,11.14198,43.25409,11.79735,43.25409,10.48661,43.25409
16.28,10.814295000000001,43.25409,11.14198,43.25409,10.48661,43.25409
16.3,9.503575000000001,43.254095,9.83126,43.2541,9.17589,43.25409
16.32,8.848225,43.25409,9.83127,43.25409,7.86518,43.25409
16.34,7.209815,43.25409,7.86518,43.25409,6.55445,43.25409
16.36,4.916045,43.25409,5.89909,43.25409,3.933,43.25409
16.38,2.29459,43.2541,3.27764,43.2541,1.31154,43.2541
16.4,-0.32688500000000004,43.25411,0.65617,43.25411,-1.30994,43.25411
16.42,-2.948365,43.25412,-1.96531,43.25412,-3.93142,43.25412
16.44,-5.897515,43.25412,-5.24214,43.25412,-6.55289,43.25412
16.46,-8.191305,43.25413,-7.20825,43.25413,-9.17436,43.25413
16.48,-10.812764999999999,43.254135000000005,-9.82972,43.25413,-11.79581,43.25414
16.5,-12.451185,43.25414,-11.79582,43.25414,-13.10655,43.25414
16.52,-12.778880000000001,43.254145,-12.45119,43.25414,-13.10657,43.25415
16.54,-12.451215000000001,43.25415,-12.4512,43.25415,-12.45123,43.25415
16.56,-12.778905,43.254145,-12.45122,43.25415,-13.10659,43.25414
16.58,-12.778915000000001,43.254145,-12.45123,43.25415,-13.1066,43.25414
16.6,-13.1066,43.25415,-12.45123,43.25415,-13.76197,43.25415
16.62,-13.1066,43.254135000000005,-12.45123,43.25414,-13.76197,43.25413
16.64,2.949835,43.25409500000001,-9.17442,43.25413,15.07409,43.25406
16.66,55.051500000000004,43.25399,47.18707,43.25401,62.91593,43.25397
16.68,63.57132,43.25397,64.88207,43.25397,62.26057,43.25397
16.7,64.88199,43.25396,64.882,43.25396,64.88198,43.25396
16.72,65.865005,43.253945,66.19269,43.25395,65.53732,43.25394
16.74,67.1757,43.253935,67.50339,43.25394,66.84801,43.25393
16.76,67.50337,43.25393,67.50338,43.25393,67.50336,43.25393
16.78,67.831045,43.25392,68.15873,43.25392,67.50336,43.25392
16.8,67.17567,43.253919999999994,67.50336,43.25393,66.84798,43.25391
16.82,66.19262,43.25392,66.84799,43.25392,65.53725,43.25392
16.84,65.20957,43.25391,66.19262,43.25391,64.22652,43.25391
16.86,64.55421,43.25391,64.8819,43.25391,64.22652,43.25391
16.88,63.571155,43.25391,64.22652,43.25391,62.91579,43.25391
16.9,63.24347,43.25391,63.57116,43.25391,62.91578,43.25391
16.92,64.2265,43.253905,64.22651,43.25391,64.22649,43.2539
16.94,41.61644,43.254025,57.67287,43.25395,25.56001,43.2541
16.96,-25.886190000000003,43.2543,-9.17439,43.25424,-42.59799,43.25436
16.98,-53.739295,43.25435,-55.04999,43.25437,-52.4286,43.25433
17.0,-50.462559999999996,43.2543,-50.46254,43.25431,-50.46258,43.25429
17.02,-49.151885,43.25426,-49.15187,43.25427,-49.1519,43.25425
17.04,-47.84119,43.254239999999996,-47.84118,43.25425,-47.8412,43.25423
17.06,-46.858175,43.254225,-46.53048,43.25423,-47.18587,43.25422
17.08,-45.875155,43.254215,-45.87514,43.25422,-45.87517,43.25421
17.1,-44.564465,43.254205,-44.56445,43.25421,-44.56448,43.2542
17.12,-43.58146,43.25419,-43.25377,43.25419,-43.90915,43.25419
17.14,-42.926109999999994,43.254185,-42.59842,43.25419,-43.2538,43.25418
17.16,-42.270765,43.25417,-41.94308,43.25417,-42.59845,43.25417
17.18,-41.615404999999996,43.254155,-41.28772,43.25416,-41.94309,43.25415
17.2,-40.63237,43.25415,-40.63237,43.25415,-40.63237,43.25415
17.22,-39.649330000000006,43.254145,-39.32164,43.25415,-39.97702,43.25414
17.24,-38.666285,43.254135000000005,-38.66628,43.25414,-38.66629,43.25413
17.26,-37.02789,43.254125,-37.35557,43.25413,-36.70021,43.25412
17.28,-36.044844999999995,43.254115,-36.04484,43.25412,-36.04485,43.25411
17.3,-34.73412,43.254104999999996,-34.73412,43.25411,-34.73412,43.2541
17.32,-33.0957,43.254095,-33.42338,43.2541,-32.76802,43.25409
17.34,-31.1296,43.25409,-31.45728,43.25409,-30.80192,43.25409
17.36,-29.49119,43.254085,-29.49119,43.25409,-29.49119,43.25408
17.38,-28.508135,43.254075,-28.83581,43.25408,-28.18046,43.25407
17.4,-27.52508,43.254065,-27.52508,43.25407,-27.52508,43.25406
17.42,-26.54203,43.25406,-26.21435,43.25406,-26.86971,43.25406
17.44,-26.21434,43.25406,-26.21434,43.25406,-26.21434,43.25406
17.46,-23.265185,43.25405000000001,-25.55897,43.25406,-20.9714,43.25404
17.48,19.006075,40.632455,3.93258,43.25395,34.07957,38.01096
17.5,41.616460000000004,36.372515,43.25486,35.38947,39.97806,37.35556
17.52,38.667335,39.321635,38.66734,39.32164,38.66733,39.32163
17.54,39.322685,40.632355,39.32269,39.977,39.32268,41.28771
17.56,39.650360000000006,41.943075,39.97805,41.28772,39.32267,42.59843
17.58,39.978035,42.598434999999995,39.97804,42.59844,39.97803,42.59843
17.6,40.633395,43.253795,40.6334,43.2538,40.63339,43.25379
17.62,40.961075,41.943084999999996,41.28876,41.94309,40.63339,41.94308
17.64,40.961065,41.287724999999995,39.97803,41.94309,41.9441,40.63236
17.66,43.25483,40.632365,43.25484,40.63237,43.25482,40.63236
17.68,43.582515,40.63236,43.9102,40.63236,43.25483,40.63236
17.7,44.89325,41.615395,44.56557,41.28772,45.22093,41.94307
17.72,46.85936,43.25379,46.53168,43.25379,47.18704,43.25379
17.74,49.808515,43.253780000000006,49.15315,43.25379,50.46388,43.25377
17.76,52.757665,43.25376,52.42998,43.25377,53.08535,43.25375
17.78,55.379144999999994,43.253744999999995,55.05146,43.25375,55.70683,43.25374
17.8,57.345259999999996,43.25373,57.01758,43.25373,57.67294,43.25373
17.82,59.31137,43.25372,59.63905,43.25372,58.98369,43.25372
17.84,59.96676,43.253705,59.63908,43.25371,60.29444,43.2537
17.86,60.949825000000004,43.2537,60.94982,43.2537,60.94983,43.2537
17.88,61.60522,43.253705,61.60522,43.2537,61.60522,43.25371
17.9,63.24365,43.25373,62.91597,43.25373,63.57133,43.25373
17.92,65.20975,43.25373,64.88207,43.25373,65.53743,43.25373
17.94,67.83121,43.25374,67.50353,43.25374,68.15889,43.25374
17.96,70.45266000000001,43.25375,70.12499,43.25375,70.78033,43.25375
17.98,73.074105,43.253765,72.74643,43.25376,73.40178,43.25377
18.0,75.367865,43.253785,74.71251,43.25378,76.02322,43.25379
18.02,78.64465,43.253845,77.9893,43.25383,79.3,43.25386
18.04,81.921465,43.253895,81.2661,43.25389,82.57683,43.2539
18.06,83.23222000000001,43.25393,85.19831,43.25391,81.26613,43.25395
18.08,46.8594,43.254155,61.60514,43.25409,32.11366,43.25422
18.1,2.2944549999999997,43.254335,9.83118,43.25432,-5.24227,43.25435
18.12,-2.9485850000000005,43.2543,-4.58696,43.25431,-1.31021,43.25429
18.14,1.96657,43.25426,1.31123,43.25427,2.62191,43.25425
18.16,6.22639,43.254235,5.89872,43.25424,6.55406,43.25423
18.18,9.830855,43.25424,9.1755,43.25424,10.48621,43.25424
18.2,12.12461,43.254235,11.79694,43.25424,12.45228,43.25423
18.22,14.418365,43.254225,14.41837,43.25423,14.41836,43.25422
18.24,16.056765,43.25421,15.72909,43.25421,16.38444,43.25421
18.26,18.022845,43.254194999999996,17.69517,43.2542,18.35052,43.25419
18.28,19.333575,43.254185,19.0059,43.25419,19.66125,43.25418
18.3,20.316615,43.254175000000004,20.31662,43.25418,20.31661,43.25417
18.32,22.2827,42.926485,22.2827,43.25417,22.2827,42.5988
18.34,22.61037,42.926474999999996,22.93806,43.25416,22.28268,42.59879
18.36,23.593395,42.27111,23.5934,42.59879,23.59339,41.94343
18.38,24.57642,41.943415,24.90411,41.94342,24.24873,41.94341
18.4,24.576414999999997,40.960355,24.9041,41.28804,24.24873,40.63267
18.42,24.904085000000002,39.977305,24.90409,39.97731,24.90408,39.9773
18.44,25.231755,38.338875,25.55944,38.66656,24.90407,38.01119
18.46,25.231755,36.700455000000005,25.55943,37.35582,24.90408,36.04509
18.48,-17.039059999999996,43.25412,31.45763,43.25409,-65.53575,43.25415
18.5,37.35571,43.25417,39.32182,43.25418,35.3896,43.25416
18.52,35.717235,43.25413,35.38958,43.25414,36.04489,43.25412
18.54,36.04486,43.254099999999994,36.70023,43.25411,35.38949,43.25409
18.56,35.0618,43.25408,36.04485,43.25409,34.07875,43.25407
18.58,32.44033,43.254065,33.42338,43.25407,31.45728,43.25406
18.6,29.818869999999997,43.25405,30.80192,43.25405,28.83582,43.25405
18.62,26.542055,43.254035,27.52511,43.25404,25.559,43.25403
18.64,24.248289999999997,43.25403,24.90366,43.25403,23.59292,43.25403
18.66,21.626849999999997,43.25403,22.28222,43.25403,20.97148,43.25403
18.68,19.988455000000002,43.25403,20.31614,43.25403,19.66077,43.25403
18.7,19.00542,43.25403,19.66078,43.25403,18.35006,43.25403
18.72,18.350065,43.25403,19.00543,43.25403,17.6947,43.25403
18.74,17.694699999999997,43.254035,18.35007,43.25404,17.03933,43.25403
18.76,16.383960000000002,43.254035,17.03933,43.25404,15.72859,43.25403
18.78,13.43609,42.59867,14.42041,43.25403,12.45177,41.94331
18.8,9.83032,39.649550000000005,11.14105,40.63259,8.51959,38.66651
18.82,4.58742,36.372765,5.89815,37.3558,3.27669,35.38973
18.84,-0.9831549999999951,33.095974999999996,0.65526000000001,34.07901,-2.62157,32.11294
18.86,-6.553745,30.802235,-4.58765,31.45759,-8.51984,30.14688
18.88,-11.79665,28.180815,-10.48592,28.83617,-13.10738,27.52546
18.9,-15.728840000000002,25.88707,-14.41811,26.21475,-17.03957,25.55939
18.92,-19.33333,24.24868,-18.35028,24.90404,-20.31638,23.59332
18.94,-21.627090000000003,23.265655000000002,-20.97173,23.59333,-22.28245,22.93798
18.96,-23.593165,22.93798,-22.9378,22.93798,-24.24853,22.93798
18.98,-12.124305,31.785355000000003,-15.7288,29.49159,-8.51981,34.07912
19.0,-6.881405,36.700565,-5.89836,36.70057,-7.86445,36.70056
19.02,-7.536770000000001,37.02824,-7.20908,37.35592,-7.86446,36.70056
19.04,-7.86445,37.02825,-7.20908,37.35593,-8.51982,36.70057
19.06,-8.84749,37.35593,-8.5198,37.35593,-9.17518,37.35593
19.08,-9.175175,37.68361,-8.51981,38.01129,-9.83054,37.35593
19.1,-10.485885,37.35594,-9.83052,37.35594,-11.14125,37.35594
19.12,-12.124285,37.68363,-11.14124,38.01131,-13.10733,37.35595
19.14,-14.090365,36.37292,-13.10732,36.7006,-15.07341,36.04524
19.16,-16.711795,35.717575,-15.72875,36.04525,-17.69484,35.3899
19.18,-19.005560000000003,34.73454,-18.35019,34.73454,-19.66093,34.73454
19.2,-20.971629999999998,33.751509999999996,-20.31627,34.07919,-21.62699,33.42383
19.22,-23.265349999999998,31.785444999999996,-22.28232,32.76848,-24.24838,30.80241
19.24,-29.491104999999997,29.164070000000002,-26.21437,29.49172,-32.76784,28.83642
19.26,-48.495895,29.16423,-39.97642,27.52577,-57.01537,30.80269
19.28,-65.20675,43.25453,-64.87927,43.25453,-65.53423,43.25453
19.3,-65.206065,43.25453,-64.87848,43.25453,-65.53365,43.25453
19.32,-65.20586,43.25453,-64.87819,43.25453,-65.53353,43.25453
19.34,-65.205805,43.25453,-64.87812,43.25453,-65.53349,43.25453
19.36,-65.20589,43.25453,-64.87816,43.25453,-65.53362,43.25453
19.38,-65.20627,43.25453,-64.87846,43.25453,-65.53408,43.25453
19.4,-65.20673500000001,43.25453,-64.87894,43.25453,-65.53453,43.25453
19.42,-63.896339999999995,43.25453,-64.8793,43.25453,-62.91338,43.25453
19.44,-48.167985,41.94381,-51.7724,42.59917,-44.56357,41.28845
19.46,-36.371715,42.92681,-38.01006,42.59914,-34.73337,43.25448
19.48,-29.490595,43.254450000000006,-30.14592,43.25446,-28.83527,43.25444
19.5,-25.558545000000002,43.25443,-26.21388,43.25444,-24.90321,43.25442
19.52,-22.609499999999997,43.254415,-22.93716,43.25442,-22.28184,43.25441
19.54,-20.31579,43.25441,-20.31578,43.25441,-20.3158,43.25441
19.56,-18.349745,43.2544,-18.34974,43.2544,-18.34975,43.2544
19.58,-16.711355,43.254385,-17.03902,43.25439,-16.38369,43.25438
19.6,-14.745284999999999,43.25438,-15.07296,43.25438,-14.41761,43.25438
19.62,-13.43458,43.254374999999996,-13.76225,43.25438,-13.10691,43.25437
19.64,-11.46851,43.254365,-11.79618,43.25437,-11.14084,43.25436
19.66,-10.157795,43.254355000000004,-10.48547,43.25436,-9.83012,43.25435
19.68,-8.519395,43.25435,-8.51939,43.25435,-8.5194,43.25435
19.7,-7.2086749999999995,43.25435,-7.20867,43.25435,-7.20868,43.25435
19.72,-6.22563,43.254345,-6.55331,43.25435,-5.89795,43.25434
19.74,-5.897955,43.25434,-5.89795,43.25434,-5.89796,43.25434
19.76,-6.881,43.25435,-5.89795,43.25435,-7.86405,43.25435
19.78,-8.519405,43.254365,-7.86404,43.25436,-9.17477,43.25437
19.8,-9.830135,43.25437,-9.17477,43.25437,-10.4855,43.25437
19.82,-11.468544999999999,43.254385,-11.14086,43.25438,-11.79623,43.25439
19.84,-12.779275,43.254395,-12.45159,43.25439,-13.10696,43.2544
19.86,-11.14086,43.254385,-11.14086,43.25439,-11.14086,43.25438
19.88,-9.50245,43.25435,-9.83013,43.25436,-9.17477,43.25434
19.9,-6.553325,43.254315000000005,-7.20868,43.25433,-5.89797,43.2543
19.92,-2.948865,43.254265000000004,-3.93189,43.25428,-1.96584,43.25425
19.94,0.32790000000000097,43.254215,0.0002300000000019,43.25423,0.65557,43.2542
19.96,2.62163,43.254165,2.62164,43.25418,2.62162,43.25415
19.98,3.932335,43.254135000000005,3.93234,43.25414,3.93233,43.25413
20.0,4.5876850000000005,42.92645,4.58769,43.25413,4.58768,42.59877
20.02,4.587669999999999,40.632695,4.58768,41.28805,4.58766,39.97734
20.04,3.9323,39.64965,4.58767,39.97733,3.27693,39.32197
20.06,3.27694,38.9943,3.93231,39.32198,2.62157,38.66662
20.08,2.94927,39.32198,3.27695,39.32198,2.62159,39.32198
20.1,3.93232,40.305009999999996,3.93232,39.97733,3.93232,40.63269
20.12,6.2261,41.288035,5.89842,41.28804,6.55378,41.28803
20.14,8.847560000000001,42.27107,8.51988,42.59875,9.17524,41.94339
20.16,10.158290000000001,40.960335,9.83061,41.28802,10.48597,40.63265
20.18,9.83061,39.321934999999996,10.48598,39.9773,9.17524,38.66657
20.2,8.192205,38.01122,9.17525,38.66658,7.20916,37.35586
20.22,4.5877,36.04515,5.89843,36.70051,3.27697,35.38979
20.24,1.3108850000000025,33.423725,2.62162,34.07908,0.0001500000000049,32.76837
20.26,-1.638249999999995,30.14694,-0.65519999999999,30.8023,-2.6213,29.49158
20.28,-4.2597000000000005,27.197825,-3.27665,28.18086,-5.24275,26.21479
20.3,-5.8981,26.54247,-5.24274,26.87015,-6.55346,26.21479
20.32,-6.8811350000000004,25.887115,-6.55345,26.2148,-7.20882,25.55943
20.34,-7.2088149999999995,25.559435,-6.55345,25.55944,-7.86418,25.55943
20.36,-16.71155,24.576434999999996,-9.83025,25.55945,-23.59285,23.59342
20.38,-32.112570000000005,21.95504,-31.4572,21.62737,-32.76794,22.28271
20.4,-31.12954,27.853275,-31.45721,26.87023,-30.80187,28.83632
20.42,-31.129565,28.83632,-30.14651,28.83632,-32.11262,28.83632
20.44,-31.784945,31.130085,-31.45726,30.8024,-32.11263,31.45777
20.46,-31.457275,31.45777,-30.80191,31.45777,-32.11264,31.45777
20.48,-32.44033,31.13009,-32.11264,31.45777,-32.76802,30.80241
20.5,-33.095699999999994,30.474735,-32.76801,30.14706,-33.42339,30.80241
20.52,-33.423384999999996,31.457769999999996,-32.76802,30.80241,-34.07875,32.11313
20.54,-33.4234,32.768485,-33.42339,32.76849,-33.42341,32.76848
20.56,-33.423405,33.751515,-33.4234,33.42384,-33.42341,34.07919
20.58,-32.44038,35.389915,-32.1127,35.38992,-32.76806,35.38991
20.6,-31.457345,37.0283,-31.45734,36.70063,-31.45735,37.35597
20.62,-29.818945,38.011335,-30.14662,38.01134,-29.49127,38.01133
20.64,-27.525190000000002,38.33902,-27.52518,38.01134,-27.5252,38.6667
20.66,-26.86983,38.339015,-26.86982,38.01134,-26.86984,38.66669
20.68,-26.542155,38.33902,-26.21447,38.6667,-26.86984,38.01134
20.7,-27.197499999999998,38.33902,-26.86982,38.6667,-27.52518,38.01134
20.72,-28.180515,37.028305,-27.52516,37.35598,-28.83587,36.70063
20.74,-30.146545,34.406885,-28.83584,35.38992,-31.45725,33.42385
20.76,-37.35532,29.16407,-33.42323,30.14708,-41.28741,28.18106
20.78,-58.653905,27.853515,-51.77283,26.87042,-65.53498,28.83661
20.8,-65.20673,43.25453,-64.87921,43.25453,-65.53425,43.25453
20.82,-65.20620500000001,43.25453,-64.8786,43.25453,-65.53381,43.25453
20.84,-65.20599999999999,43.25453,-64.87835,43.25453,-65.53365,43.25453
20.86,-65.205905,43.25453,-64.87823,43.25453,-65.53358,43.25453
20.88,-65.205965,43.25453,-64.87824,43.25453,-65.53369,43.25453
20.9,-65.20629500000001,43.25453,-64.8785,43.25453,-65.53409,43.25453
20.92,-65.206725,43.25453,-64.87893,43.25453,-65.53452,43.25453
20.94,-65.20705000000001,42.27149,-64.8793,43.25453,-65.5348,41.28845
20.96,-65.2073,38.33931,-64.87956,39.32237,-65.53504,37.35625
20.98,-63.241414999999996,36.04549,-64.87977,36.0455,-61.60306,36.04548
21.0,-56.68797,35.717780000000005,-57.67097,36.04547,-55.70497,35.39009
21.02,-52.428255,35.717755,-53.08358,36.04544,-51.77293,35.39007
21.04,-49.151545,35.71773,-49.15152,36.04541,-49.15157,35.39005
21.06,-46.857855,35.390045,-47.18552,35.39005,-46.53019,35.39004
21.08,-45.87487,35.39003,-45.87485,35.39003,-45.87489,35.39003
21.1,-44.89188,35.06234,-44.56418,35.39002,-45.21958,34.73466
21.12,-44.23657,34.40697,-43.90887,34.73465,-44.56427,34.07929
21.14,-44.236605,32.440884999999994,-43.90891,32.76857,-44.5643,32.1132
21.16,-43.253614999999996,31.785525,-43.2536,32.11321,-43.25363,31.45784
21.18,-42.270610000000005,31.785515,-42.59827,32.1132,-41.94295,31.45783
21.2,-40.959945000000005,31.130145,-41.28761,31.45783,-40.63228,30.80246
21.22,-38.99392,29.491729999999997,-39.32158,30.14709,-38.66626,28.83637
21.24,-37.027885,27.853315000000002,-37.35555,28.181,-36.70022,27.52563
21.26,-35.061840000000004,26.542575,-35.38951,26.87026,-34.73417,26.21489
21.28,-33.751155,25.8872,-33.42346,26.21489,-34.07885,25.55951
21.3,-32.768135,25.231814999999997,-32.76812,25.5595,-32.76815,24.90413
21.32,-32.1128,24.576439999999998,-32.11279,24.90413,-32.11281,24.24875
21.34,-31.785140000000002,23.265705,-31.45745,23.59339,-32.11283,22.93802
21.36,-31.457475000000002,23.265684999999998,-31.45747,23.59337,-31.45748,22.938
21.38,-30.474445,23.265665,-30.14676,23.59335,-30.80213,22.93798
21.4,-31.4575,23.265665,-29.4914,22.93797,-33.4236,23.59336
21.42,-45.875585,26.542555,-43.2541,25.55951,-48.49707,27.5256
21.44,-48.824785,29.163980000000002,-48.49709,28.83631,-49.15248,29.49165
21.46,-48.49714,29.16397,-48.49713,29.49165,-48.49715,28.83629
21.48,-48.824844999999996,27.853245,-48.49715,28.18093,-49.15254,27.52556
21.5,-48.82486,26.54252,-48.49717,26.8702,-49.15255,26.21484
21.52,-49.152550000000005,25.55948,-49.15254,26.21484,-49.15256,24.90412
21.54,-49.152559999999994,24.24875,-49.15255,24.90411,-49.15257,23.59339
21.56,-48.824884999999995,23.265695,-48.4972,23.59338,-49.15257,22.93801
21.58,-48.497215,22.610325,-48.49721,22.93801,-48.49722,22.28264
21.6,-48.49722,21.954954999999998,-48.49721,22.28264,-48.49723,21.62727
21.62,-48.16954,21.954935,-47.84185,22.28262,-48.49723,21.62725
21.64,-47.841854999999995,22.2826,-47.84185,22.28261,-47.84186,22.28259
21.66,-47.84185,21.954905,-47.84185,22.28259,-47.84185,21.62722
21.68,-46.858795,21.299525000000003,-46.53111,21.62721,-47.18648,20.97184
21.7,-46.20343,20.971825,-45.87574,21.62719,-46.53112,20.31646
21.72,-45.875735,19.661095,-45.87573,20.31646,-45.87574,19.00573
21.74,-46.531085000000004,17.367330000000003,-45.87572,17.69501,-47.18645,17.03965
21.76,-47.186445000000006,15.07356,-46.53108,15.72892,-47.84181,14.4182
21.78,-47.841809999999995,12.779800000000002,-47.18644,13.10748,-48.49718,12.45212
21.8,-48.1695,12.45212,-47.84181,12.45213,-48.49719,12.45211
21.82,-47.841825,13.107475,-47.84182,13.10748,-47.84183,13.10747
21.84,-46.20342,14.090505,-46.5311,13.76283,-45.87574,14.41818
21.86,-44.8927,14.418175,-44.56502,14.41818,-45.22038,14.41817
21.88,-45.220365,28.508399999999998,-44.565,43.254,-45.87573,13.7628
21.9,-45.87572,12.77975,-45.22036,13.10743,-46.53108,12.45207
21.92,-43.58189,9.502925,-46.53106,11.14134,-40.63272,7.86451
21.94,-24.903669999999998,-11.468685,-26.86984,-5.24274,-22.9375,-17.69463
21.96,-22.28215,-12.77945,-21.62678,-15.0732,-22.93752,-10.4857
21.98,-21.299120000000002,-10.485710000000001,-21.62679,-11.14106,-20.97145,-9.83036
22.0,-20.643765000000002,-8.519645,-20.31608,-8.51964,-20.97145,-8.51965
22.02,-20.971455,-7.864285,-20.31609,-7.86428,-21.62682,-7.86429
22.04,-21.626820000000002,-8.19197,-20.97145,-7.86429,-22.28219,-8.51965
22.06,-22.93755,-8.51965,-22.28218,-8.51965,-23.59292,-8.51965
22.08,-44.564440000000005,-7.86429,-23.59291,-7.86429,-65.53597,-7.86429
22.1,-23.592925,-7.86429,-23.59292,-7.86429,-23.59293,-7.86429
22.12,-22.282204999999998,-7.53662,-22.2822,-7.8643,-22.28221,-7.20894
22.14,-21.299165000000002,-7.208945,-20.97148,-7.20895,-21.62685,-7.20894
22.16,-21.626835,-6.55359,-20.97147,-6.55359,-22.2822,-6.55359
22.18,-22.937555,-7.20894,-22.28219,-7.20894,-23.59292,-7.20894
22.2,-24.248275,-7.536625,-23.59291,-7.20894,-24.90364,-7.86431
22.22,-24.903640000000003,-7.8643,-24.24827,-7.8643,-25.55901,-7.8643
22.24,-24.90364,-7.536625,-24.90363,-7.20894,-24.90365,-7.86431
22.26,-24.903644999999997,-7.536625,-24.90364,-7.20894,-24.90365,-7.86431
22.28,-24.903644999999997,-7.20895,-24.90364,-7.20895,-24.90365,-7.20895
22.3,-25.559015000000002,-6.88127,-24.90364,-7.20895,-26.21439,-6.55359
22.32,-25.8867,-7.536625,-25.55901,-7.20894,-26.21439,-7.86431
22.34,-25.55904,-8.191980000000001,-25.55903,-7.8643,-25.55905,-8.51966
22.36,-24.576005000000002,-8.191980000000001,-24.24832,-8.51966,-24.90369,-7.8643
22.38,-32.112665,-8.847295,-27.52513,-8.51964,-36.7002,-9.17495
22.4,-42.926159999999996,-7.864215,-41.94311,-7.86421,-43.90921,-7.86422
22.42,-43.581540000000004,-6.225835,-43.25385,-6.55351,-43.90923,-5.89816
22.44,-43.253865000000005,-5.8981650000000005,-43.25386,-5.89816,-43.25387,-5.89817
22.46,-41.615455,-5.570495,-41.94313,-5.89817,-41.28778,-5.24282
22.48,-39.97704,-5.242825,-39.97704,-5.24282,-39.97704,-5.24283
22.5,-38.666315,-4.58747,-38.66631,-4.58747,-38.66632,-4.58747
22.52,-38.993984999999995,-3.93211,-38.6663,-3.93211,-39.32167,-3.93211
22.54,-39.32167,-3.60443,-38.6663,-3.27675,-39.97704,-3.93211
22.56,-40.96008,-4.25979,-39.97703,-3.93211,-41.94313,-4.58747
22.58,-42.270804999999996,-5.57051,-41.94312,-5.24283,-42.59849,-5.89819
22.6,-44.892255,-4.25976,-42.59847,-5.89819,-47.18604,-2.62133
22.62,-52.429064999999994,6.226125,-51.1183,3.93235,-53.73983,8.5199
22.64,-54.72293,12.12435,-54.39523,11.14132,-55.05063,13.10738
22.66,-54.067615,14.745764999999999,-53.73992,14.41809,-54.39531,15.07344
22.68,-54.39530499999999,16.056465000000003,-53.73994,16.38415,-55.05067,15.72878
22.7,-54.067635,16.38414,-54.39531,16.38414,-53.73996,16.38414
22.72,-54.06764,16.056449999999998,-53.73995,16.38413,-54.39533,15.72877
22.74,-53.739965,15.073405000000001,-53.73996,15.07341,-53.73997,15.0734
22.76,-52.429249999999996,15.073405000000001,-52.42924,15.07341,-52.42926,15.0734
22.78,-51.7739,14.745719999999999,-51.77389,15.0734,-51.77391,14.41804
22.8,-52.101585,15.0734,-51.7739,15.0734,-52.42927,15.0734
22.82,-52.101595,14.74573,-51.77391,15.07341,-52.42928,14.41805
22.84,-52.101605,13.76269,-51.77392,14.41805,-52.42929,13.10733
22.86,-51.446250000000006,12.77965,-51.11856,13.76269,-51.77394,11.79661
22.88,-50.13554,11.141265,-50.46321,11.79662,-49.80787,10.48591
22.9,-48.824825000000004,9.17519,-49.1525,9.83055,-48.49715,8.51983
22.92,-47.514115000000004,6.55377,-47.84179,7.20913,-47.18644,5.89841
22.94,-29.163694999999997,-8.191895,-35.38975,-0.65523,-22.93764,-15.72856
22.96,-21.62688,-17.039295,-19.66077,-19.66074,-23.59299,-14.41785
22.98,-23.593,-14.745529999999999,-23.59298,-14.41785,-23.59302,-15.07321
23.0,-23.92071,-14.41785,-23.59302,-14.41785,-24.2484,-14.41785
23.02,-24.248404999999998,-14.41785,-24.2484,-14.41785,-24.24841,-14.41785
23.04,-23.920740000000002,-14.745535,-23.59305,-14.41785,-24.24843,-15.07322
23.06,-22.610030000000002,-14.745539999999998,-22.9377,-15.07322,-22.28236,-14.41786
23.08,-21.627004999999997,-14.41786,-21.627,-14.41786,-21.62701,-14.41786
23.1,-20.316294999999997,-14.41786,-20.31629,-14.41786,-20.3163,-14.41786
23.12,-20.316294999999997,-14.41786,-20.31629,-14.41786,-20.3163,-14.41786
23.14,-20.643974999999998,-14.417855,-20.31629,-14.41785,-20.97166,-14.41786
23.16,-20.316295,-15.40089,-19.66093,-15.07321,-20.97166,-15.72857
23.18,-20.971655,-16.05625,-20.31629,-15.72857,-21.62702,-16.38393
23.2,-21.95469,-16.38393,-21.627,-16.38393,-22.28238,-16.38393
23.22,-21.954684999999998,-16.38393,-21.627,-16.38393,-22.28237,-16.38393
23.24,-22.282365,-16.38393,-22.28236,-16.38393,-22.28237,-16.38393
23.26,-21.95468,-16.05625,-21.62699,-15.72856,-22.28237,-16.38394
23.28,-22.937705,-16.383580000000002,-22.28234,-16.38393,-23.59307,-16.38323
23.3,-24.248420000000003,-16.056265,-23.59306,-15.72858,-24.90378,-16.38395
23.32,-24.903775,-15.72859,-24.24841,-15.72859,-25.55914,-15.72859
23.34,-25.886805000000003,-16.383955,-25.55912,-16.38395,-26.21449,-16.38396
23.36,-25.886789999999998,-17.694685,-25.55911,-17.03932,-26.21447,-18.35005
23.38,-25.88677,-19.005415,-25.55909,-18.35005,-26.21445,-19.66078
23.4,-27.52389,-19.98846,-26.86725,-19.66078,-28.18053,-20.31614
23.42,-29.16355,-20.643819999999998,-28.18051,-20.31614,-30.14659,-20.9715
23.44,-32.440335000000005,-21.95454,-31.45729,-21.62686,-33.42338,-22.28222
23.46,-34.07873,-22.28222,-33.42336,-22.28222,-34.7341,-22.28222
23.48,-35.717115,-22.28223,-34.73407,-22.28222,-36.70016,-22.28224
23.5,-34.73407,-21.626875,-34.73407,-21.62687,-34.73407,-21.62688
23.52,-33.751025,-21.2992,-34.0787,-20.97152,-33.42335,-21.62688
23.54,-31.12959,-21.95456,-31.45726,-21.62688,-30.80192,-22.28224
23.56,-29.818865000000002,-22.609925,-29.49118,-22.28224,-30.14655,-22.93761
23.58,-29.818865000000002,-23.26528,-29.49118,-22.9376,-30.14655,-23.59296
23.6,-31.12958,-24.576,-30.8019,-24.24832,-31.45726,-24.90368
23.62,-32.11262,-25.559040000000003,-31.45725,-24.90368,-32.76799,-26.2144
23.64,-32.76797,-26.54209,-32.11261,-26.86977,-33.42333,-26.21441
23.66,-33.095645000000005,-26.869774999999997,-32.76796,-26.86977,-33.42333,-26.86978
23.68,-33.423320000000004,-26.869774999999997,-33.42331,-26.86977,-33.42333,-26.86978
23.7,-33.750995,-27.19746,-33.42331,-26.86978,-34.07868,-27.52514
23.72,-33.750995,-27.197465,-33.42331,-26.86978,-34.07868,-27.52515
23.74,-49.479635,-27.19747,-33.42331,-26.86979,-65.53596,-27.52515
23.76,-33.095625,-27.85283,-32.76794,-27.52515,-33.42331,-28.18051
23.78,-34.078665,-28.180515,-33.4233,-28.18051,-34.73403,-28.18052
23.8,-35.38937,-29.16355,-34.73401,-28.83587,-36.04473,-29.49123
23.82,-37.683075,-30.474255,-36.70005,-30.14658,-38.6661,-30.80193
23.84,-46.202545,-29.163455,-42.59816,-30.14653,-49.80693,-28.18038
23.86,-65.207285,-13.434485,-64.87982,-21.62666,-65.53475,-5.24231
23.88,-65.206405,36.70093,-64.8789,30.14733,-65.53391,43.25453
23.9,-65.20588000000001,43.25453,-64.8783,43.25453,-65.53346,43.25453
23.92,-65.20564999999999,43.25453,-64.87796,43.25453,-65.53334,43.25453
23.94,-65.20572,43.25453,-64.87799,43.25453,-65.53345,43.25453
23.96,-65.20607,43.25453,-64.87826,43.25453,-65.53388,43.25453
23.98,-65.20655,13.10797,-64.87874,21.62765,-65.53436,4.58829
24.0,-65.20693,-5.24229,-64.87919,-2.62079,-65.53467,-7.86379
24.02,-65.207145,-11.140699999999999,-64.87941,-9.82995,-65.53488,-12.45145
24.04,-65.20731,-14.74526,-64.87959,-13.7622,-65.53503,-15.72832
24.06,-65.207415,-17.03907,-64.87971,-17.03906,-65.53512,-17.03908
24.08,-61.275335,-17.039105,-62.25835,-17.69445,-60.29232,-16.38376
24.1,-56.360209999999995,-15.400739999999999,-57.01555,-15.72841,-55.70487,-15.07307
24.12,-52.75578,-14.417725,-53.7388,-14.41772,-51.77276,-14.41773
24.14,-46.857585,-14.74542,-47.84061,-14.41774,-45.87456,-15.0731
24.16,-44.236180000000004,-14.745425000000001,-43.90849,-14.41774,-44.56387,-15.07311
24.18,-43.90851,-15.728465,-43.9085,-15.72846,-43.90852,-15.72847
24.2,-43.253164999999996,-16.056145,-43.25316,-15.72846,-43.25317,-16.38383
24.22,-42.270129999999995,-17.039195,-41.94244,-17.03919,-42.59782,-17.0392
24.24,-40.959415,-17.039205000000003,-41.28709,-17.0392,-40.63174,-17.03921
24.26,-39.321025,-16.38385,-39.32102,-16.38385,-39.32103,-16.38385
24.28,-37.027265,-16.383865,-37.35494,-16.38386,-36.69959,-16.38387
24.3,-35.061195,-15.72851,-35.38887,-15.72851,-34.73352,-15.72851
24.32,-32.43976,-15.400835,-32.76743,-15.07315,-32.11209,-15.72852
24.34,-30.801375,-14.74548,-30.80136,-15.07316,-30.80139,-14.4178
24.36,-30.473705000000002,-14.417805,-30.14602,-14.4178,-30.80139,-14.41781
24.38,-30.146035,-14.090119999999999,-30.80139,-13.76244,-29.49068,-14.4178
24.4,-26.869239999999998,-13.434755,-27.52459,-13.76244,-26.21389,-13.10707
24.42,-25.230855,-13.10707,-25.55852,-13.10707,-24.90319,-13.10707
24.44,-22.93712,-12.451705,-22.93711,-11.79634,-22.93713,-13.10707
24.46,-22.60946,-14.090105000000001,-22.28177,-13.76243,-22.93715,-14.41778
24.48,-21.954125,-15.073145,-22.28179,-14.41778,-21.62646,-15.72851
24.5,-20.31575,-17.36691,-20.31574,-17.03923,-20.31576,-17.69459
24.52,-19.66041,-18.349939999999997,-19.00504,-17.69458,-20.31578,-19.0053
24.54,-20.97115,-19.332965,-20.31578,-19.00529,-21.62652,-19.66064
24.56,-22.937245,-20.971345,-22.28188,-20.31599,-23.59261,-21.6267
24.58,-25.88634,-21.29899,-24.90331,-20.97132,-26.86937,-21.62666
24.6,-32.767489999999995,-20.315865,-29.49075,-21.62662,-36.04423,-19.00511
24.62,-51.77231,-6.88067,-41.28677,-15.07283,-62.25785,1.31149
24.64,-65.206065,43.25453,-64.87869,43.25453,-65.53344,43.25453
24.66,-65.20522,43.25453,-64.87763,43.25453,-65.53281,43.25453
24.68,-65.20496,43.25453,-64.87731,43.25453,-65.53261,43.25453
24.7,-65.20483999999999,43.25453,-64.87718,43.25453,-65.5325,43.25453
24.72,-65.20482999999999,43.25453,-64.87713,43.25453,-65.53253,43.25453
24.74,-65.205115,43.25453,-64.8773,43.25453,-65.53293,43.25453
24.76,-65.20567500000001,43.25453,-64.87784,43.25453,-65.53351,43.25453
24.78,-65.20619500000001,33.424130000000005,-64.87839,40.63309,-65.534,26.21517
24.8,-65.206595,16.71245,-64.87884,19.00621,-65.53435,14.41869
24.82,-63.24074,12.124905,-64.87908,12.45261,-61.6024,11.7972
24.84,-51.772130000000004,10.814115000000001,-54.39352,11.14181,-49.15074,10.48642
24.86,-42.59724,10.814070000000001,-43.90792,10.4864,-41.28656,11.14174
24.88,-36.699135,11.469394999999999,-37.35446,11.14172,-36.04381,11.79707
24.9,-32.11172,12.452415,-32.76705,12.45242,-31.45639,12.45241
24.92,-28.507309999999997,12.78008,-28.83497,12.45241,-28.17965,13.10775
24.94,-25.558245,14.090789999999998,-26.21359,13.76311,-24.9029,14.41847
24.96,-22.609160000000003,14.090779999999999,-22.93683,14.41846,-22.28149,13.7631
24.98,-21.298465,13.43542,-20.97077,13.7631,-21.62616,13.10774
25.0,-20.643135,13.10775,-20.31544,13.10775,-20.97083,13.10775
25.02,-21.62622,13.43544,-20.97085,13.76312,-22.28159,13.10776
25.04,-22.936975,12.780095,-22.2816,13.10777,-23.59235,12.45242
25.06,-24.575400000000002,11.14171,-23.59235,11.79707,-25.55845,10.48635
25.08,-25.88614,10.15867,-25.55845,10.48635,-26.21383,9.83099
25.1,-27.196865000000003,8.847940000000001,-26.86918,9.17563,-27.52455,8.52025
25.12,-27.19687,8.520245,-26.86918,8.52025,-27.52456,8.52024
25.14,-27.52455,8.192565,-27.52455,8.52025,-27.52455,7.86488
25.16,-27.19687,8.520245,-26.86918,8.52025,-27.52456,8.52024
25.18,-26.869214999999997,9.175595,-26.86921,9.1756,-26.86922,9.17559
25.2,-25.88618,9.503264999999999,-25.55849,9.83095,-26.21387,9.17558
25.22,-25.886184999999998,8.847895000000001,-25.5585,9.17558,-26.21387,8.52021
25.24,-25.558504999999997,8.847885000000002,-25.5585,9.17557,-25.55851,8.5202
25.26,-24.575465,8.5202,-24.24778,8.5202,-24.90315,8.5202
25.28,-24.575465,8.520195000000001,-24.24778,8.5202,-24.90315,8.52019
25.3,-23.92011,8.5202,-23.59242,8.5202,-24.2478,8.5202
25.32,-23.264775,8.84788,-22.93708,9.17556,-23.59247,8.5202
25.34,-22.28178,7.53716,-22.28177,7.86485,-22.28179,7.20947
25.36,-21.626445,6.226425,-21.62643,6.55411,-21.62646,5.89874
25.38,-20.31575,5.57104,-20.31574,5.89873,-20.31576,5.24335
25.4,-19.005049999999997,4.915665000000001,-19.6604,5.24335,-18.3497,4.58798
25.42,-17.03899,4.2603,-17.03898,5.24335,-17.039,3.27725
25.44,-15.72828,2.94957,-15.72827,3.27726,-15.72829,2.62188
25.46,-14.745245,2.94956,-14.41756,3.27724,-15.07293,2.62188
25.48,-14.745245,2.62188,-14.41756,2.62188,-15.07293,2.62188
25.5,-15.072925,2.29419,-14.41756,2.62187,-15.72829,1.96651
25.52,-15.400604999999999,0.983465,-15.07292,1.31115,-15.72829,0.65578
25.54,-15.40061,0.98346,-15.07293,1.31114,-15.72829,0.65578
25.56,-15.40062,0.3280900000000011,-15.07293,0.65577,-15.72831,0.0004100000000022
25.58,-16.05599,0.3281000000000027,-15.7283,0.65578,-16.38368,0.0004200000000054
25.6,-16.056,0.655775,-15.72831,0.65578,-16.38369,0.65577
25.62,-16.056005,0.983455,-15.72832,0.65578,-16.38369,1.31113
25.64,-16.056005,1.6388099999999999,-15.72832,1.31113,-16.38369,1.96649
25.66,-15.72832,2.294165,-15.72831,2.62185,-15.72833,1.96648
25.68,-15.400635000000001,2.621835,-15.07295,2.62184,-15.72832,2.62183
25.7,-15.072955,3.604875,-15.07295,3.93256,-15.07296,3.27719
25.72,-14.745275,3.932545,-14.41759,3.93255,-15.07296,3.93254
25.74,-14.745275,3.9325349999999997,-14.41759,3.93254,-15.07296,3.93253
25.76,-14.745280000000001,4.260205,-14.41759,4.58789,-15.07297,3.93252
25.78,-15.07296,4.2602,-15.07295,4.58788,-15.07297,3.93252
25.8,-15.400645,3.6048299999999998,-15.07296,3.93251,-15.72833,3.27715
25.82,-16.05601,3.2771549999999996,-15.72832,3.27716,-16.3837,3.27715
25.84,-17.03906,1.96643,-16.38369,2.62179,-17.69443,1.31107
25.86,-19.005145,0.98339,-18.34978,1.31107,-19.66051,0.65571
25.88,-19.332825,-0.32732999999999773,-19.00514,0.0003500000000045,-19.66051,-0.65501
25.9,-19.332810000000002,-0.9826900000000001,-19.00513,-0.65501,-19.66049,-1.31037
25.92,-19.332810000000002,-2.29341,-19.00513,-1.96573,-19.66049,-2.62109
25.94,-19.005115,-3.27645,-19.00511,-2.62109,-19.00512,-3.93181
25.96,-19.33276,-5.897875,-19.00509,-4.58716,-19.66043,-7.20859
25.98,-20.643355,-9.829975000000001,-19.005,-9.17464,-22.28171,-10.48531
26.0,-30.801025,-4.259175,-26.86905,-7.86376,-34.733,-0.65459
26.02,-55.048315,33.096450000000004,-49.15039,22.93837,-60.94624,43.25453
26.04,-62.911745,43.25453,-61.60114,43.25453,-64.22235,43.25453
26.06,-65.205225,43.25453,-64.87759,43.25453,-65.53286,43.25453
26.08,-65.20517000000001,43.25453,-64.87744,43.25453,-65.5329,43.25453
26.1,-65.20557,43.25453,-64.87772,43.25453,-65.53342,43.25453
26.12,-65.20631,43.25453,-64.87843,43.25453,-65.53419,43.25453
26.14,-63.24091,21.29997,-64.87917,26.87053,-61.60265,15.72941
26.16,-52.100184999999996,6.88205,-55.70458,9.17581,-48.49579,4.58829
26.18,-37.682505000000006,0.9837900000000022,-40.63157,1.96685,-34.73344,0.0007300000000043
26.2,-26.869239999999998,-2.6207450000000003,-28.17992,-1.96537,-25.55856,-3.27612
26.22,-21.954165,-5.569905,-22.93717,-5.24222,-20.97116,-5.89759
26.24,-19.332825,-7.208335,-19.66048,-6.55297,-19.00517,-7.8637
26.26,-16.71147,-8.846755,-17.03913,-8.51907,-16.38381,-9.17444
26.28,-14.09009,-8.846785,-14.41775,-8.5191,-13.76243,-9.17447
26.3,-11.796375000000001,-9.50217,-11.79636,-9.17448,-11.79639,-9.82986
26.32,-10.15801,-10.15756,-9.83032,-9.82987,-10.4857,-10.48525
26.34,-9.174985,-9.17454,-9.17498,-9.17453,-9.17499,-9.17455
26.36,-8.191945,-9.502234999999999,-7.86426,-9.17455,-8.51963,-9.82992
26.38,-8.191939999999999,-8.846889999999998,-7.86425,-8.51921,-8.51963,-9.17457
26.4,-9.502655,-10.81299,-8.51961,-9.82994,-10.4857,-11.79604
26.42,-12.124105,-13.76212,-11.14106,-13.10676,-13.10715,-14.41748
26.44,-14.74555,-17.038935,-13.7625,-16.38357,-15.7286,-17.6943
26.46,-16.71165,-18.67734,-15.7286,-18.34966,-17.6947,-19.00502
26.48,-17.367005,-19.005025,-17.03932,-19.00502,-17.69469,-19.00503
26.5,-11.46875,-12.12373,-16.38396,-17.03894,-6.55354,-7.20852
26.52,0.9830450000000001,0.655820000000005,1.31075,-0.65488999999999,0.65534,1.96653
26.54,0.982990000000005,3.2772300000000003,0.65533000000001,2.62188,1.31065,3.93258
26.56,1.6383,3.2772050000000004,1.96599,3.93257,1.31061,2.62184
26.58,1.638285,0.6557550000000015,1.96598,1.31112,1.31059,0.000390000000003
26.6,1.31059,-1.310339999999995,1.3106,-0.65497999999999,1.31058,-1.9657
26.62,2.62128,-4.2594650000000005,2.62129,-3.27642,2.62127,-5.24251
26.64,3.60431,-7.208595,3.932,-6.55323,3.27662,-7.86396
26.66,4.259650000000001,-9.502365000000001,4.58734,-8.51932,3.93196,-10.48541
26.68,4.58733,-11.14077,5.24269,-10.48541,3.93197,-11.79613
26.7,4.259655,-12.123809999999999,4.58734,-11.79613,3.93197,-12.45149
26.72,4.915035,-12.77917,5.24272,-12.45149,4.58735,-13.10685
26.74,3.60436,-14.417545,3.93203,-13.76219,3.27669,-15.0729
26.76,2.293685,-14.745204999999999,2.62136,-14.41753,1.96601,-15.07288
26.78,-0.327635,-13.4344,1.96606,-14.41747,-2.62133,-12.45133
26.8,-29.490344999999998,3.6052049999999998,-11.79593,-6.55292,-47.18476,13.76333
26.82,-64.223165,43.25453,-62.9127,43.25453,-65.53363,43.25453
26.84,-65.205455,43.25453,-64.87791,43.25453,-65.533,43.25453
26.86,-65.205075,43.25453,-64.87745,43.25453,-65.5327,43.25453
26.88,-65.20500000000001,43.25453,-64.8773,43.25453,-65.5327,43.25453
26.9,-65.20527,43.25453,-64.87746,43.25453,-65.53308,43.25453
26.92,-65.20597000000001,43.25453,-64.87808,43.25453,-65.53386,43.25453
26.94,-65.206715,27.52589,-64.87887,39.97773,-65.53456,15.07405
26.96,-61.275015,4.26061,-64.8794,6.55437,-57.67063,1.96685
26.98,-40.303815,-1.30995,-44.56358,-0.65459,-36.04405,-1.96531
27.0,-27.85222,-4.2591,-29.49056,-3.93141,-26.21388,-4.58679
27.02,-22.28186,-5.569850000000001,-22.93717,-5.24216,-21.62655,-5.89754
27.04,-19.33287,-6.88059,-19.66052,-6.5529,-19.00522,-7.20828
27.06,-17.039205000000003,-6.552935,-17.03918,-6.55293,-17.03923,-6.55294
27.08,-15.400875,-5.569915,-15.72854,-5.89759,-15.07321,-5.24224
27.1,-13.434835,-4.259205,-13.7625,-4.58688,-13.10717,-3.93153
27.12,-11.141115,-2.948505,-11.1411,-3.27618,-11.14113,-2.62083
27.14,-8.847405,-1.3101150000000001,-9.17507,-1.31011,-8.51974,-1.31012
27.16,-7.20904,-0.654765,-7.20903,-0.65476,-7.20905,-0.65477
27.18,-5.570685,-0.654785,-5.24299,-0.65478,-5.89838,-0.65479
27.2,-4.260005,-1.63784,-4.58767,-1.31015,-3.93234,-1.96553
27.22,-3.6046750000000003,-1.965535,-3.27698,-1.96553,-3.93237,-1.96554
27.24,-3.93238,-1.310195,-3.93237,-1.31019,-3.93239,-1.3102
27.26,-4.58775,-0.9825250000000001,-3.93239,-1.3102,-5.24311,-0.65485
27.28,-5.897185,0.0005100000000055,-5.2431,0.0005100000000055,-6.55127,0.0005100000000055
27.3,-7.536849999999999,0.3281749999999996,-6.5538,0.65586,-8.5199,0.0004899999999992
27.32,-9.175255,0.0004800000000031,-8.51989,0.0004800000000031,-9.83062,0.0004800000000031
27.34,-8.847585,0.65585,-8.51989,0.65585,-9.17528,0.65585
27.36,-8.519919999999999,1.311205,-8.51991,1.31121,-8.51993,1.3112
27.38,-8.51994,2.62193,-8.51993,2.62193,-8.51995,2.62193
27.4,-7.86459,2.94961,-7.86458,2.62193,-7.8646,3.27729
27.42,-7.536925,4.91569,-7.20924,4.58801,-7.86461,5.24337
27.44,-6.88157,5.571045,-6.55388,5.89873,-7.20926,5.24336
27.46,-7.536944999999999,5.24336,-7.20926,5.89872,-7.86463,4.588
27.48,-9.503035,3.27727,-8.51999,3.93263,-10.48608,2.62191
27.5,-12.45215,0.00047000000000502196,-11.14142,0.65583,-13.76288,-0.65488999999999
27.52,-15.728965,-2.293275,-14.41824,-1.31024,-17.03969,-3.27631
27.54,-19.005765,-3.60398,-18.3504,-3.93166,-19.66113,-3.2763
27.56,-19.98878,-1.63791,-20.31646,-2.62094,-19.6611,-0.65488
27.58,-17.367325,4.260325,-17.69498,1.31119,-17.03967,7.20946
27.6,-11.46917,17.695255,-12.4522,15.07382,-10.48614,20.31669
27.62,-7.20934,21.62738,-7.86469,21.62739,-6.55399,21.62737
27.64,-5.89864,16.384485,-5.24327,18.35057,-6.55401,14.4184
27.66,-9.50313,6.554065,-7.86472,9.17551,-11.14154,3.93262
27.68,-16.384425,-2.6209800000000003,-14.41834,-0.6549,-18.35051,-4.58706
27.7,-21.955,-6.553145000000001,-20.31659,-5.89778,-23.59341,-7.20851
27.72,-25.23182,-6.880825,-24.24877,-7.2085,-26.21487,-6.55315
27.74,-26.21487,-4.587085,-26.21486,-5.24244,-26.21488,-3.93173
27.76,-26.21489,-1.63798,-26.21488,-1.96566,-26.2149,-1.3103
27.78,-25.231875000000002,-1.63799,-24.90418,-1.31031,-25.55957,-1.96567
27.8,-25.887265,-3.60408,-25.55957,-2.62103,-26.21496,-4.58713
27.82,-26.542659999999998,-5.897855,-26.21497,-5.24249,-26.87035,-6.55322
27.84,-26.54269,-7.536255000000001,-26.21499,-7.20857,-26.87039,-7.86394
27.86,-26.215049999999998,-8.19164,-26.21503,-8.51931,-26.21507,-7.86397
27.88,-25.887405,-7.86398,-25.55971,-7.86397,-26.2151,-7.86399
27.9,-25.887435,-7.863995,-25.55974,-7.86399,-26.21513,-7.864
27.92,-27.853545,-9.174735,-26.8705,-8.51937,-28.83659,-9.8301
27.94,-30.474985,-10.81314,-29.49194,-10.48546,-31.45803,-11.14082
27.96,-33.424105,-12.123854999999999,-32.11338,-11.79618,-34.73483,-12.45153
27.98,-36.700905,-13.434560000000001,-35.39018,-13.10688,-38.01163,-13.76224
28.0,-38.011624999999995,-13.106875,-38.01162,-13.76223,-38.01163,-12.45152
28.02,-37.356265,-10.485430000000001,-37.35626,-11.14079,-37.35627,-9.83007
28.04,-37.028549999999996,-8.51935,-36.70088,-9.17471,-37.35622,-7.86399
28.06,-36.373165,-6.22558,-36.04548,-6.55326,-36.70085,-5.8979
28.08,-37.356195,-5.2425250000000005,-36.70083,-5.24253,-38.01156,-5.24252
28.1,-39.649945,-5.89786,-38.6669,-5.89787,-40.63299,-5.89785
28.12,-42.599050000000005,-7.536235,-41.28833,-7.20856,-43.90977,-7.86391
28.14,-45.220465000000004,-7.8639,-44.5651,-7.8639,-45.87583,-7.8639
28.16,-45.875815,-7.20853,-45.87581,-7.20853,-45.87582,-7.20853
28.18,-45.548140000000004,-5.570125,-45.22045,-5.8978,-45.87583,-5.24245
28.2,-45.548154999999994,-5.242445,-45.22047,-5.24244,-45.87584,-5.24245
28.22,-45.87585,-4.914765,-45.22048,-4.58708,-46.53122,-5.24245
28.24,-47.514275,-5.24244,-47.18658,-5.24244,-47.84197,-5.24244
28.26,-48.82501,-4.9147549999999995,-47.84196,-5.24244,-49.80806,-4.58707
28.28,-51.118785,-5.24242,-49.80806,-5.24242,-52.42951,-5.24242
28.3,-45.548114999999996,-3.6040349999999997,-52.42948,-4.58705,-38.66675,-2.62102
28.32,-35.38925,-6.55332,-5.24292,-5.24256,-65.53558,-7.86408
28.34,52.75753,-7.2088,43.90997,-6.55341,61.60509,-7.86419
28.36,74.712575,-12.45177,75.36793,-9.83031,74.05722,-15.07323
28.38,72.09103999999999,-12.451785000000001,72.74643,-11.79643,71.43565,-13.10714
28.4,71.76326499999999,-14.745535,72.09097,-14.41785,71.43556,-15.07322
28.42,70.78013,-16.383945,70.78016,-15.72858,70.7801,-17.03931
28.44,71.76309,-18.022365,71.43543,-17.69468,72.09075,-18.35005
28.46,73.40143,-18.022375,72.74609,-17.69469,74.05677,-18.35006
28.48,75.03978000000001,-17.36702,75.36748,-17.6947,74.71208,-17.03934
28.5,75.695085,-17.367024999999998,76.02278,-17.03934,75.36739,-17.69471
28.52,75.03969000000001,-18.02239,75.36739,-17.69471,74.71199,-18.35007
28.54,74.38429500000001,-18.67776,74.71199,-18.35008,74.0566,-19.00544
28.56,73.72890000000001,-18.350085,74.05659,-18.35008,73.40121,-18.35009
28.58,72.745835,-18.3501,73.40121,-18.3501,72.09046,-18.3501
28.6,70.452055,-19.005445,72.74583,-18.3501,68.15828,-19.66079
28.62,21.627335,-24.90341,43.2544,-22.93741,0.0002700000000004,-26.86941
28.64,-52.428985,-26.54153,-39.32166,-27.52462,-65.53631,-25.55844
28.66,-64.22574499999999,-19.0049,-64.88107,-22.93704,-63.57042,-15.07276
28.68,-56.03384,5.5710500000000005,-58.32757,1.31122,-53.74011,9.83088
28.7,-54.39553,11.141575,-53.74015,11.14158,-55.05091,11.14157
28.72,-54.395615,12.124590000000001,-54.3956,11.79691,-54.39563,12.45227
28.74,-53.73899,10.486180000000001,-53.73771,11.79691,-53.74027,9.17545
28.76,-54.067944999999995,4.91558,-53.74026,6.55399,-54.39563,3.27717
28.78,-53.412585,1.96643,-53.0849,1.96644,-53.74027,1.96642
28.8,-51.446505,3.6048,-51.77418,3.27713,-51.11883,3.93247
28.82,-49.808105,4.5878,-49.8081,4.58781,-49.80811,4.58779
28.84,-47.186665,6.553855,-47.84202,6.55387,-46.53131,6.55384
28.86,-44.892905,8.84758,-45.22058,8.51991,-44.56523,9.17525
28.88,-42.926825,10.158280000000001,-43.2545,9.8306,-42.59915,10.48596
28.9,-40.960745,10.813625,-41.28842,11.14131,-40.63307,10.48594
28.92,-38.339304999999996,11.468975,-38.66698,11.1413,-38.01163,11.79665
28.94,-35.717865,12.779685,-36.04554,12.45201,-35.39019,13.10736
28.96,-33.424105,15.07345,-34.07946,14.41809,-32.76875,15.72881
28.98,-44.237545,17.03962,-37.35626,17.69494,-51.11883,16.3843
29.0,-55.706345,16.384305,-55.70634,15.72895,-55.70635,17.03966
29.02,-55.706345,17.367330000000003,-55.05098,17.69501,-56.36171,17.03965
29.04,-55.706345,16.056605,-55.05098,16.38428,-56.36171,15.72893
29.06,-56.361705,16.38429,-56.3617,16.38429,-56.36171,16.38429
29.08,-57.344745,17.36734,-57.01706,17.03965,-57.67243,17.69503
29.1,-58.000105000000005,18.022725,-57.67242,17.69504,-58.32779,18.35041
29.12,-58.98314499999999,19.00578,-58.32778,19.00578,-59.63851,19.00578
29.14,-59.310824999999994,19.00579,-58.98314,19.00579,-59.63851,19.00579
29.16,-58.983145,20.31651,-58.98314,20.31651,-58.98315,20.31651
29.18,-57.672425000000004,21.299545000000002,-57.67242,20.97187,-57.67243,21.62722
29.2,-56.034025,22.610255000000002,-56.3617,22.28258,-55.70635,22.93793
29.22,-53.740265,23.593275,-54.39562,23.59328,-53.08491,23.59327
29.24,-51.118825,24.576304999999998,-51.77418,24.24863,-50.46347,24.90398
29.26,-48.82504,25.231650000000002,-49.15272,24.90397,-48.49736,25.55933
29.28,-46.858945,26.214675,-47.18662,26.21468,-46.53127,26.21467
29.3,-45.548215,26.214655,-45.22053,26.21466,-45.8759,26.21465
29.32,-43.582125,26.214644999999997,-43.9098,26.21465,-43.25445,26.21464
29.34,-42.2714,25.886955,-42.59908,26.21464,-41.94372,25.55927
29.36,-40.63299,25.886945,-40.63299,25.55927,-40.63299,26.21462
29.38,-39.977615,26.21462,-39.97761,26.21462,-39.97762,26.21462
29.4,-39.649924999999996,25.886944999999997,-39.32224,26.21463,-39.97761,25.55926
29.42,-39.97759,24.576214999999998,-39.32223,24.9039,-40.63295,24.24853
29.44,-40.305255,23.593175000000002,-39.97757,23.59318,-40.63294,23.59317
29.46,-39.649895,22.282465,-39.97757,22.93782,-39.32222,21.62711
29.48,-38.33919,21.62711,-38.66686,21.62711,-38.01152,21.62711
29.5,-37.028485,22.610155,-36.70079,22.28248,-37.35618,22.93783
29.52,-36.700810000000004,22.61016,-36.7008,22.28248,-36.70082,22.93784
29.54,-36.37313,23.5932,-36.04545,23.5932,-36.70081,23.5932
29.56,-36.37313,24.24857,-36.04544,24.24857,-36.70082,24.24857
29.58,-37.02849,23.92089,-36.70081,24.24857,-37.35617,23.59321
29.6,-37.35617,23.92089,-36.7008,24.24857,-38.01154,23.59321
29.62,-37.683845000000005,23.59321,-37.35616,23.59321,-38.01153,23.59321
29.64,-37.356165000000004,22.937845000000003,-37.35616,22.93785,-37.35617,22.93784
29.66,-37.683840000000004,22.93785,-37.35615,22.93785,-38.01153,22.93785
29.68,-37.683840000000004,22.610165000000002,-37.35616,22.93784,-38.01152,22.28249
29.7,-37.683835,21.62713,-37.35615,21.62713,-38.01152,21.62713
29.72,-37.683835,21.29945,-37.35615,21.62713,-38.01152,20.97177
29.74,-38.011520000000004,20.31641,-37.35615,20.31641,-38.66689,20.31641
29.76,-38.339205,19.333370000000002,-38.01152,19.66105,-38.66689,19.00569
29.78,-38.01152999999999,19.00569,-38.01152,19.00569,-38.01154,19.00569
29.8,-38.339214999999996,18.67801,-38.01153,19.00569,-38.6669,18.35033
29.82,-38.33922,17.694965,-38.01153,17.69497,-38.66691,17.69496
29.84,-38.666895,16.711925,-38.66689,17.03961,-38.6669,16.38424
29.86,-38.666895,16.056555,-38.66689,16.38424,-38.6669,15.72887
29.88,-38.33922,15.401195000000001,-38.01153,15.72888,-38.66691,15.07351
29.9,-38.666895,15.40119,-38.01153,15.72887,-39.32226,15.07351
29.92,-38.666905,15.40119,-38.01154,15.07351,-39.32227,15.72887
29.94,-38.666905,15.40119,-38.01154,15.72887,-39.32227,15.07351
29.96,-38.666915,15.073515,-38.66691,15.07352,-38.66692,15.07351
